,Date,Adj Close,Close,High,Low,Open,Volume,Ticker,Return,SMA20,MiddleBand,UpperBand,LowerBand,Signal,Strategy Return,Equity Curve,Buy,Sell,Trx Return,Sell Date,Sell Close,Win Loss
19,2023-11-03,4134.0166015625,4140.0,4190.0,3870.0,4050.0,54842200,BREN.JK,0.022222222222222143,3339.25,,,,0,,,False,False,,,,None
20,2023-11-06,4283.80029296875,4290.0,4310.0,4110.0,4150.0,28846900,BREN.JK,0.03623188405797095,3505.0,,,,0,0.0,1.0,False,False,,,,None
21,2023-11-07,4383.6552734375,4390.0,4410.0,4260.0,4300.0,26103200,BREN.JK,0.02331002331002341,3663.75,,,,0,0.0,1.0,False,False,,,,None
22,2023-11-08,4393.64111328125,4400.0,4440.0,4340.0,4380.0,18257700,BREN.JK,0.002277904328018332,3808.0,,,,0,0.0,1.0,False,False,,,,None
23,2023-11-09,5217.44921875,5225.0,5400.0,4350.0,4400.0,111849600,BREN.JK,0.1875,3974.75,,,,0,0.0,1.0,False,False,,,,None
24,2023-11-10,5217.44921875,5225.0,5225.0,5225.0,5225.0,0,BREN.JK,0.0,4118.0,,,,0,0.0,1.0,False,False,,,,None
25,2023-11-13,5292.33984375,5300.0,5500.0,5000.0,5250.0,69960400,BREN.JK,0.014354066985645897,4245.5,,,,0,0.0,1.0,False,False,,,,None
26,2023-11-14,5367.23193359375,5375.0,5425.0,5250.0,5325.0,24752100,BREN.JK,0.014150943396226356,4342.75,,,,0,0.0,1.0,False,False,,,,None
27,2023-11-15,5716.7255859375,5725.0,5950.0,5325.0,5400.0,63375300,BREN.JK,0.06511627906976747,4439.5,,,,0,0.0,1.0,False,False,,,,None
28,2023-11-16,5691.7626953125,5700.0,6050.0,5300.0,5775.0,61909300,BREN.JK,-0.004366812227074246,4522.0,,,,0,-0.0,1.0,False,False,,,,None
29,2023-11-17,6315.85888671875,6325.0,6350.0,5675.0,5725.0,60573100,BREN.JK,0.10964912280701755,4636.75,,,,0,0.0,1.0,False,False,,,,None
30,2023-11-20,6790.17236328125,6800.0,6900.0,6350.0,6400.0,53008600,BREN.JK,0.07509881422924902,4789.75,,,,0,0.0,1.0,False,False,,,,None
31,2023-11-21,6265.93115234375,6275.0,6950.0,6200.0,6825.0,80088500,BREN.JK,-0.07720588235294112,4913.5,,,,0,-0.0,1.0,False,False,,,,None
32,2023-11-22,5641.8349609375,5650.0,6275.0,5500.0,6275.0,92961400,BREN.JK,-0.09960159362549803,5005.0,,,,0,-0.0,1.0,False,False,,,,None
33,2023-11-23,6420.1572265625,6425.0,6450.0,5700.0,5700.0,52116100,BREN.JK,0.13716814159292046,5136.25,,,,0,0.0,1.0,False,False,,,,None
34,2023-11-24,6070.42138671875,6075.0,6600.0,6000.0,6475.0,35573700,BREN.JK,-0.054474708171206254,5237.0,,,,0,-0.0,1.0,False,False,,,,None
35,2023-11-27,5945.51513671875,5950.0,6150.0,5800.0,6075.0,27030500,BREN.JK,-0.020576131687242816,5309.5,,,,0,-0.0,1.0,False,False,,,,None
36,2023-11-28,6245.2890625,6250.0,6300.0,5900.0,5975.0,38044200,BREN.JK,0.050420168067226934,5393.0,,,,0,0.0,1.0,False,False,,,,None
37,2023-11-29,6120.3837890625,6125.0,6300.0,6100.0,6300.0,28091900,BREN.JK,-0.020000000000000018,5484.75,,,,0,-0.0,1.0,False,False,,,,None
38,2023-11-30,6869.818359375,6875.0,7075.0,6125.0,6150.0,76689700,BREN.JK,0.12244897959183665,5626.0,5626.0,7277.922643785911,3974.0773562140894,0,0.0,1.0,False,False,,,,None
39,2023-12-01,6794.87451171875,6800.0,7100.0,6500.0,6925.0,49599600,BREN.JK,-0.010909090909090868,5759.0,5759.0,7333.689944418466,4184.310055581534,0,-0.0,1.0,False,False,,,,None
40,2023-12-04,6844.8369140625,6850.0,7050.0,6575.0,6800.0,39120700,BREN.JK,0.007352941176470562,5887.0,5887.0,7372.577683135951,4401.422316864049,0,0.0,1.0,False,False,,,,None
41,2023-12-05,6819.85595703125,6825.0,7050.0,6475.0,6850.0,50994200,BREN.JK,-0.0036496350364964014,6008.75,6008.75,7371.822670573054,4645.677329426946,0,-0.0,1.0,False,False,,,,None
42,2023-12-06,7194.5732421875,7200.0,7375.0,6800.0,6850.0,68123500,BREN.JK,0.05494505494505497,6148.75,6148.75,7385.413060949017,4912.086939050983,0,0.0,1.0,False,False,,,,None
43,2023-12-07,7744.15869140625,7750.0,7775.0,7125.0,7200.0,57980500,BREN.JK,0.07638888888888884,6275.0,6275.0,7624.951266176906,4925.048733823094,0,0.0,1.0,False,False,,,,None
44,2023-12-08,8043.9326171875,8050.0,8175.0,7750.0,7800.0,50224300,BREN.JK,0.03870967741935494,6416.25,6416.25,7889.187898430066,4943.312101569934,0,0.0,1.0,False,False,,,,None
45,2023-12-11,7594.271484375,7600.0,8050.0,7500.0,7950.0,38133500,BREN.JK,-0.05590062111801242,6531.25,6531.25,7996.3595701795075,5066.1404298204925,0,-0.0,1.0,False,False,,,,None
46,2023-12-12,7644.23388671875,7650.0,7875.0,7225.0,7600.0,34839300,BREN.JK,0.006578947368421018,6645.0,6645.0,8085.1754279107445,5204.8245720892555,0,0.0,1.0,False,False,,,,None
47,2023-12-13,7569.29052734375,7575.0,7750.0,7425.0,7675.0,14746100,BREN.JK,-0.009803921568627416,6737.5,6737.5,8166.4764463456095,5308.5235536543905,0,-0.0,1.0,False,False,,,,None
48,2023-12-14,7194.5732421875,7200.0,7625.0,7025.0,7575.0,29173400,BREN.JK,-0.04950495049504955,6812.5,6812.5,8167.7529381321365,5457.2470618678635,0,-0.0,1.0,False,False,,,,None
49,2023-12-15,7394.42236328125,7400.0,7500.0,7100.0,7200.0,22179600,BREN.JK,0.02777777777777768,6866.25,6866.25,8225.359131592804,5507.140868407196,0,0.0,1.0,False,False,,,,None
50,2023-12-18,7144.61083984375,7150.0,7650.0,7100.0,7300.0,18483400,BREN.JK,-0.03378378378378377,6883.75,6883.75,8248.269869288906,5519.230130711095,0,-0.0,1.0,False,False,,,,None
51,2023-12-19,7319.47900390625,7325.0,7450.0,6950.0,7150.0,21446100,BREN.JK,0.02447552447552437,6936.25,6936.25,8282.831930198397,5589.6680698016025,0,0.0,1.0,False,False,,,,None
52,2023-12-20,7444.38427734375,7450.0,7550.0,7225.0,7350.0,21918400,BREN.JK,0.017064846416382284,7026.25,7026.25,8245.446780455757,5807.053219544243,0,0.0,1.0,False,False,,,,None
53,2023-12-21,7494.3466796875,7500.0,7550.0,7350.0,7450.0,11927700,BREN.JK,0.006711409395973256,7080.0,7080.0,8282.256650067522,5877.743349932478,0,0.0,1.0,False,False,,,,None
54,2023-12-22,7494.3466796875,7500.0,7650.0,7375.0,7500.0,17981700,BREN.JK,0.0,7151.25,7151.25,8268.633574530957,6033.866425469043,0,0.0,1.0,False,False,,,,None
55,2023-12-27,7644.23388671875,7650.0,8200.0,7450.0,7500.0,42756100,BREN.JK,0.020000000000000018,7236.25,7236.25,8219.46103907982,6253.038960920179,0,0.0,1.0,False,False,,,,None
56,2023-12-28,7669.21533203125,7675.0,7775.0,7500.0,7650.0,13392200,BREN.JK,0.0032679738562091387,7307.5,7307.5,8191.286709205576,6423.713290794424,0,0.0,1.0,False,False,,,,None
57,2023-12-29,7469.36572265625,7475.0,7825.0,7400.0,7675.0,15244000,BREN.JK,-0.026058631921824116,7375.0,7375.0,8063.055995273335,6686.944004726665,0,-0.0,1.0,False,False,,,,None
58,2024-01-02,7594.271484375,7600.0,7725.0,7375.0,7500.0,15012300,BREN.JK,0.01672240802675584,7411.25,7411.25,8063.871232940065,6758.628767059935,0,0.0,1.0,False,False,,,,None
59,2024-01-03,7569.29052734375,7575.0,7650.0,7500.0,7650.0,6026800,BREN.JK,-0.003289473684210509,7450.0,7450.0,8038.709561132161,6861.290438867839,0,-0.0,1.0,False,False,,,,None
60,2024-01-04,7519.328125,7525.0,7700.0,7500.0,7575.0,12323500,BREN.JK,-0.0066006600660065695,7483.75,7483.75,8000.642282375107,6966.857717624893,0,-0.0,1.0,False,False,,,,None
61,2024-01-05,7219.55419921875,7225.0,7600.0,7225.0,7575.0,16149400,BREN.JK,-0.039867109634551534,7503.75,7503.75,7937.605117703934,7069.894882296066,0,-0.0,1.0,False,False,,,,None
62,2024-01-08,6744.912109375,6750.0,7325.0,6700.0,7225.0,30456400,BREN.JK,-0.06574394463667821,7481.25,7481.25,8016.304104494903,6946.195895505097,1,-0.0,1.0,True,False,-0.2333333333333335,2024-02-05,5175.0,Loss
63,2024-01-09,5395.9296875,5400.0,6850.0,5400.0,6750.0,100068600,BREN.JK,-0.19999999999999996,7363.75,7363.75,8424.345041523986,6303.154958476015,1,-0.19999999999999996,0.8,False,False,,,,None
64,2024-01-10,5670.72265625,5675.0,5925.0,4900.0,5300.0,78655800,BREN.JK,0.05092592592592582,7245.0,7245.0,8496.693589543887,5993.306410456112,1,0.05092592592592582,0.8407407407407407,False,False,,,,None
65,2024-01-11,5046.193359375,5050.0,5775.0,4950.0,5725.0,53028700,BREN.JK,-0.11013215859030834,7117.5,7117.5,8694.23046122932,5540.769538770681,1,-0.11013215859030834,0.7481481481481481,False,False,,,,None
66,2024-01-12,4696.45751953125,4700.0,5300.0,4610.0,5050.0,63660700,BREN.JK,-0.06930693069306926,6970.0,6970.0,8858.162571056011,5081.83742894399,1,-0.06930693069306926,0.6962962962962963,False,False,,,,None
67,2024-01-15,4696.45751953125,4700.0,4700.0,4700.0,4700.0,0,BREN.JK,0.0,6826.25,6826.25,8944.247751104616,4708.252248895384,1,0.0,0.6962962962962963,False,False,,,,None
68,2024-01-16,4876.32177734375,4880.0,4990.0,4320.0,4450.0,70243100,BREN.JK,0.038297872340425476,6710.25,6710.25,8990.008701451123,4430.491298548878,1,0.038297872340425476,0.7229629629629629,False,False,,,,None
69,2024-01-17,5146.1181640625,5150.0,5200.0,4640.0,4900.0,65649600,BREN.JK,0.055327868852458995,6597.75,6597.75,8954.94162742893,4240.558372571069,1,0.055327868852458995,0.762962962962963,False,False,,,,None
70,2024-01-18,5645.74169921875,5650.0,5925.0,5000.0,5150.0,87583400,BREN.JK,0.09708737864077666,6522.75,6522.75,8901.313199651597,4144.186800348403,1,0.09708737864077666,0.837037037037037,False,False,,,,None
71,2024-01-19,5096.15576171875,5100.0,5750.0,5075.0,5650.0,49338700,BREN.JK,-0.09734513274336287,6411.5,6411.5,8839.689925806768,3983.310074193233,1,-0.09734513274336287,0.7555555555555555,False,False,,,,None
72,2024-01-22,5345.96728515625,5350.0,5500.0,4940.0,5175.0,43627700,BREN.JK,0.0490196078431373,6306.5,6306.5,8727.213465945635,3885.7865340543653,1,0.0490196078431373,0.7925925925925926,False,False,,,,None
73,2024-01-23,5570.7978515625,5575.0,5625.0,5350.0,5375.0,36952000,BREN.JK,0.0420560747663552,6210.25,6210.25,8583.773862596665,3836.7261374033355,1,0.0420560747663552,0.8259259259259261,False,False,,,,None
74,2024-01-24,5370.94873046875,5375.0,5775.0,5250.0,5600.0,40178600,BREN.JK,-0.0358744394618834,6104.0,6104.0,8424.076223793203,3783.9237762067974,1,-0.0358744394618834,0.7962962962962964,False,False,,,,None
75,2024-01-25,5246.04296875,5250.0,5525.0,5250.0,5375.0,11912100,BREN.JK,-0.023255813953488413,5984.0,5984.0,8213.905827607974,3754.094172392027,1,-0.023255813953488413,0.7777777777777778,False,False,,,,None
76,2024-01-26,5196.08056640625,5200.0,5275.0,4990.0,5250.0,22713900,BREN.JK,-0.00952380952380949,5860.25,5860.25,7966.290123074582,3754.209876925418,1,-0.00952380952380949,0.7703703703703704,False,False,,,,None
77,2024-01-29,5021.21240234375,5025.0,5375.0,5000.0,5250.0,13895700,BREN.JK,-0.033653846153846145,5737.75,5737.75,7730.276761360268,3745.2232386397313,1,-0.033653846153846145,0.7444444444444445,False,False,,,,None
78,2024-01-30,5021.21240234375,5025.0,5150.0,4850.0,5050.0,22206200,BREN.JK,0.0,5609.0,5609.0,7419.30849362899,3798.6915063710103,1,0.0,0.7444444444444445,False,False,,,,None
79,2024-01-31,4946.26904296875,4950.0,5100.0,4920.0,5025.0,11020900,BREN.JK,-0.014925373134328401,5477.75,5477.75,7053.3116375388845,3902.1883624611155,1,-0.014925373134328401,0.7333333333333333,False,False,,,,None
80,2024-02-01,4846.3447265625,4850.0,4970.0,4850.0,4860.0,11197200,BREN.JK,-0.02020202020202022,5344.0,5344.0,6611.939065446053,4076.060934553947,1,-0.02020202020202022,0.7185185185185184,False,False,,,,None
81,2024-02-02,4946.26904296875,4950.0,4950.0,4770.0,4830.0,12812900,BREN.JK,0.020618556701030855,5230.25,5230.25,6147.307508384403,4313.192491615597,1,0.020618556701030855,0.7333333333333332,False,False,,,,None
82,2024-02-05,5171.099609375,5175.0,5250.0,4950.0,4960.0,21611100,BREN.JK,0.045454545454545414,5151.5,5151.5,5725.333828871995,4577.666171128005,0,0.045454545454545414,0.7666666666666665,False,True,,,,None
83,2024-02-06,5595.779296875,5600.0,5625.0,5125.0,5200.0,37579800,BREN.JK,0.08212560386473422,5161.5,5161.5,5760.00779355608,4562.99220644392,0,0.0,0.7666666666666665,False,False,,,,None
84,2024-02-07,5395.9296875,5400.0,5800.0,5400.0,5600.0,40129200,BREN.JK,-0.0357142857142857,5147.75,5147.75,5707.998769932185,4587.501230067815,0,-0.0,0.7666666666666665,False,False,,,,None
85,2024-02-12,5445.89208984375,5450.0,5550.0,5350.0,5375.0,13497400,BREN.JK,0.0092592592592593,5167.75,5167.75,5741.697320157337,4593.802679842663,0,0.0,0.7666666666666665,False,False,,,,None
86,2024-02-13,5046.193359375,5050.0,5400.0,4960.0,5300.0,24426100,BREN.JK,-0.07339449541284404,5185.25,5185.25,5719.0888777228765,4651.4111222771235,0,-0.0,0.7666666666666665,False,False,,,,None
87,2024-02-15,5121.13720703125,5125.0,5250.0,5050.0,5250.0,8823500,BREN.JK,0.014851485148514865,5206.5,5206.5,5690.51935585481,4722.48064414519,0,0.0,0.7666666666666665,False,False,,,,None
88,2024-02-16,5470.873046875,5475.0,5550.0,5125.0,5125.0,23471500,BREN.JK,0.06829268292682933,5236.25,5236.25,5708.778194647517,4763.721805352483,0,0.0,0.7666666666666665,False,False,,,,None
89,2024-02-19,5495.8544921875,5500.0,5700.0,5475.0,5500.0,16293100,BREN.JK,0.004566210045662045,5253.75,5253.75,5738.592622323009,4768.907377676991,0,0.0,0.7666666666666665,False,False,,,,None
90,2024-02-20,5495.8544921875,5500.0,5600.0,5350.0,5500.0,7225000,BREN.JK,0.0,5246.25,5246.25,5709.4411620827605,4783.0588379172395,0,0.0,0.7666666666666665,False,False,,,,None
91,2024-02-21,5495.8544921875,5500.0,5675.0,5400.0,5525.0,8289400,BREN.JK,0.0,5266.25,5266.25,5737.327991084502,4795.172008915498,0,0.0,0.7666666666666665,False,False,,,,None
92,2024-02-22,5570.7978515625,5575.0,5675.0,5500.0,5500.0,9897400,BREN.JK,0.013636363636363669,5277.5,5277.5,5767.371089380182,4787.628910619818,0,0.0,0.7666666666666665,False,False,,,,None
93,2024-02-23,5495.8544921875,5500.0,5675.0,5475.0,5675.0,7899600,BREN.JK,-0.013452914798206317,5273.75,5273.75,5755.106362135602,4792.393637864398,0,-0.0,0.7666666666666665,False,False,,,,None
94,2024-02-26,5495.8544921875,5500.0,5625.0,5450.0,5500.0,5992200,BREN.JK,0.0,5280.0,5280.0,5770.059072701283,4789.940927298717,0,0.0,0.7666666666666665,False,False,,,,None
95,2024-02-27,5495.8544921875,5500.0,5700.0,5500.0,5700.0,4676700,BREN.JK,0.0,5292.5,5292.5,5791.999749749686,4793.000250250314,0,0.0,0.7666666666666665,False,False,,,,None
96,2024-02-28,5945.51513671875,5950.0,6050.0,5500.0,5500.0,32515800,BREN.JK,0.08181818181818179,5330.0,5330.0,5906.8790806436045,4753.1209193563955,0,0.0,0.7666666666666665,False,False,,,,None
97,2024-02-29,6045.43994140625,6050.0,6225.0,5950.0,5950.0,20983000,BREN.JK,0.01680672268907557,5381.25,5381.25,6022.563413813278,4739.936586186722,0,0.0,0.7666666666666665,False,False,,,,None
98,2024-03-01,6195.32666015625,6200.0,6250.0,5975.0,6075.0,17035800,BREN.JK,0.024793388429751984,5440.0,5440.0,6154.953071702501,4725.046928297499,0,0.0,0.7666666666666665,False,False,,,,None
99,2024-03-04,6120.3837890625,6125.0,6375.0,6075.0,6300.0,10333200,BREN.JK,-0.012096774193548376,5498.75,5498.75,6236.8975747472605,4760.6024252527395,0,-0.0,0.7666666666666665,False,False,,,,None
100,2024-03-05,5895.552734375,5900.0,6200.0,5900.0,6150.0,11693200,BREN.JK,-0.03673469387755102,5551.25,5551.25,6243.020231096698,4859.479768903302,0,-0.0,0.7666666666666665,False,False,,,,None
101,2024-03-06,5995.4775390625,6000.0,6100.0,5800.0,5900.0,11782200,BREN.JK,0.016949152542372836,5603.75,5603.75,6261.952296530401,4945.547703469599,0,0.0,0.7666666666666665,False,False,,,,None
102,2024-03-07,6245.2890625,6250.0,6300.0,6000.0,6050.0,15735100,BREN.JK,0.04166666666666674,5657.5,5657.5,6343.276547925205,4971.723452074795,0,0.0,0.7666666666666665,False,False,,,,None
103,2024-03-08,6120.3837890625,6125.0,6350.0,6125.0,6250.0,8847000,BREN.JK,-0.020000000000000018,5683.75,5683.75,6399.783482016323,4967.716517983677,0,-0.0,0.7666666666666665,False,False,,,,None
104,2024-03-13,6145.3642578125,6150.0,6275.0,6000.0,6125.0,10280200,BREN.JK,0.004081632653061273,5721.25,5721.25,6453.0960795895035,4989.4039204104965,0,0.0,0.7666666666666665,False,False,,,,None
105,2024-03-14,5895.552734375,5900.0,6225.0,5850.0,6150.0,15583100,BREN.JK,-0.04065040650406504,5743.75,5743.75,6468.1145127754535,5019.3854872245465,0,-0.0,0.7666666666666665,False,False,,,,None
106,2024-03-15,5545.81689453125,5550.0,5950.0,5550.0,5925.0,23637300,BREN.JK,-0.05932203389830504,5768.75,5768.75,6423.464682735521,5114.035317264479,0,-0.0,0.7666666666666665,False,False,,,,None
107,2024-03-18,5171.099609375,5175.0,5600.0,5100.0,5550.0,14212600,BREN.JK,-0.06756756756756754,5771.25,5771.25,6415.919437937402,5126.580562062598,0,-0.0,0.7666666666666665,False,False,,,,None
108,2024-03-19,5345.96728515625,5350.0,5400.0,5100.0,5200.0,6320700,BREN.JK,0.033816425120772875,5765.0,5765.0,6424.0263951266925,5105.9736048733075,0,0.0,0.7666666666666665,False,False,,,,None
109,2024-03-20,5395.9296875,5400.0,5475.0,5225.0,5350.0,8111400,BREN.JK,0.009345794392523255,5760.0,5760.0,6428.934738379257,5091.065261620743,0,0.0,0.7666666666666665,False,False,,,,None
110,2024-03-21,5345.96728515625,5350.0,5550.0,5325.0,5400.0,7186600,BREN.JK,-0.0092592592592593,5752.5,5752.5,6436.893700177102,5068.106299822898,0,-0.0,0.7666666666666665,False,False,,,,None
111,2024-03-22,5345.96728515625,5350.0,5425.0,5275.0,5400.0,3728700,BREN.JK,0.0,5745.0,5745.0,6444.172443152015,5045.827556847985,0,0.0,0.7666666666666665,False,False,,,,None
112,2024-03-25,5345.96728515625,5350.0,5350.0,5350.0,5350.0,0,BREN.JK,0.0,5733.75,5733.75,6451.435424417308,5016.064575582692,0,0.0,0.7666666666666665,False,False,,,,None
113,2024-03-26,5345.96728515625,5350.0,5350.0,5350.0,5350.0,0,BREN.JK,0.0,5726.25,5726.25,6457.232575931731,4995.267424068269,0,0.0,0.7666666666666665,False,False,,,,None
114,2024-03-27,5445.89208984375,5450.0,5475.0,5300.0,5475.0,5390600,BREN.JK,0.01869158878504673,5723.75,5723.75,6458.323811274623,4989.176188725377,0,0.0,0.7666666666666665,False,False,,,,None
115,2024-03-28,5370.94873046875,5375.0,5450.0,5325.0,5450.0,2727000,BREN.JK,-0.013761467889908285,5717.5,5717.5,6462.147567645258,4972.852432354742,0,-0.0,0.7666666666666665,False,False,,,,None
116,2024-04-01,5395.9296875,5400.0,5500.0,5225.0,5375.0,4999900,BREN.JK,0.0046511627906977715,5690.0,5690.0,6439.104728817568,4940.895271182432,0,0.0,0.7666666666666665,False,False,,,,None
117,2024-04-02,5720.6845703125,5725.0,5725.0,5375.0,5400.0,10248500,BREN.JK,0.06018518518518512,5673.75,5673.75,6403.8320069294305,4943.6679930705695,0,0.0,0.7666666666666665,False,False,,,,None
118,2024-04-03,5670.72265625,5675.0,5950.0,5600.0,5725.0,13411500,BREN.JK,-0.008733624454148492,5647.5,5647.5,6334.388484015916,4960.611515984084,0,-0.0,0.7666666666666665,False,False,,,,None
119,2024-04-04,5870.57177734375,5875.0,5900.0,5675.0,5775.0,6684400,BREN.JK,0.03524229074889873,5635.0,5635.0,6293.826708307235,4976.173291692765,0,0.0,0.7666666666666665,False,False,,,,None
120,2024-04-05,6919.7802734375,6925.0,6925.0,5850.0,5900.0,67105300,BREN.JK,0.17872340425531918,5686.25,5686.25,6557.195493490596,4815.304506509404,0,0.0,0.7666666666666665,False,False,,,,None
121,2024-04-16,7469.36572265625,7475.0,7600.0,6350.0,6775.0,74828100,BREN.JK,0.07942238267148016,5760.0,5760.0,6938.357465198686,4581.642534801314,0,0.0,0.7666666666666665,False,False,,,,None
122,2024-04-17,7944.0078125,7950.0,7975.0,7425.0,7500.0,65779000,BREN.JK,0.0635451505016722,5845.0,5845.0,7367.255943622733,4322.744056377267,0,0.0,0.7666666666666665,False,False,,,,None
123,2024-04-18,7919.0263671875,7925.0,8075.0,7550.0,7925.0,40979900,BREN.JK,-0.0031446540880503138,5935.0,5935.0,7717.546965499234,4152.453034500766,0,-0.0,0.7666666666666665,False,False,,,,None
124,2024-04-19,8118.8759765625,8125.0,8125.0,7550.0,7925.0,119478400,BREN.JK,0.025236593059936974,6033.75,6033.75,8067.561239494643,3999.938760505357,0,0.0,0.7666666666666665,False,False,,,,None
125,2024-04-22,7619.2529296875,7625.0,8150.0,7400.0,8150.0,23379200,BREN.JK,-0.06153846153846154,6120.0,6120.0,8272.758328529384,3967.241671470615,0,-0.0,0.7666666666666665,False,False,,,,None
126,2024-04-23,7294.49755859375,7300.0,7725.0,7250.0,7725.0,14117500,BREN.JK,-0.042622950819672156,6207.5,6207.5,8404.513523183832,4010.4864768161688,0,-0.0,0.7666666666666665,False,False,,,,None
127,2024-04-24,7968.98876953125,7975.0,7975.0,7300.0,7300.0,16627200,BREN.JK,0.09246575342465757,6347.5,6347.5,8622.935181049528,4072.0648189504727,0,0.0,0.7666666666666665,False,False,,,,None
128,2024-04-25,8268.7626953125,8275.0,8325.0,7800.0,8000.0,16941200,BREN.JK,0.037617554858934144,6493.75,6493.75,8872.873843594085,4114.626156405915,0,0.0,0.7666666666666665,False,False,,,,None
129,2024-04-26,8618.4990234375,8625.0,9350.0,8200.0,8325.0,36478400,BREN.JK,0.04229607250755296,6655.0,6655.0,9156.031366204119,4153.968633795881,0,0.0,0.7666666666666665,False,False,,,,None
130,2024-04-29,9018.197265625,9025.0,9125.0,8625.0,8625.0,17974400,BREN.JK,0.04637681159420293,6838.75,6838.75,9472.562276010414,4204.937723989586,0,0.0,0.7666666666666665,False,False,,,,None
131,2024-04-30,9218.046875,9225.0,9250.0,8800.0,9075.0,24471600,BREN.JK,0.02216066481994461,7032.5,7032.5,9773.134770882181,4291.86522911782,0,0.0,0.7666666666666665,False,False,,,,None
132,2024-05-02,9867.556640625,9875.0,9875.0,9225.0,9225.0,22657200,BREN.JK,0.07046070460704601,7258.75,7258.75,10157.128630236313,4360.371369763687,0,0.0,0.7666666666666665,False,False,,,,None
133,2024-05-03,9867.556640625,9875.0,9875.0,9875.0,9875.0,0,BREN.JK,0.0,7485.0,7485.0,10461.416071650425,4508.583928349575,0,0.0,0.7666666666666665,False,False,,,,None
134,2024-05-06,9292.990234375,9300.0,9725.0,9150.0,9650.0,13332100,BREN.JK,-0.0582278481012658,7677.5,7677.5,10597.210692228904,4757.789307771096,0,-0.0,0.7666666666666665,False,False,,,,None
135,2024-05-07,9867.556640625,9875.0,9925.0,9325.0,9325.0,13495400,BREN.JK,0.06182795698924726,7902.5,7902.5,10768.17251223311,5036.82748776689,0,0.0,0.7666666666666665,False,False,,,,None
136,2024-05-08,9642.7265625,9650.0,10200.0,9450.0,9875.0,12895300,BREN.JK,-0.02278481012658229,8115.0,8115.0,10825.428204662794,5404.571795337206,0,-0.0,0.7666666666666665,False,False,,,,None
137,2024-05-13,9442.876953125,9450.0,9875.0,9400.0,9400.0,12510700,BREN.JK,-0.020725388601036232,8301.25,8301.25,10825.734053592358,5776.765946407642,0,-0.0,0.7666666666666665,False,False,,,,None
138,2024-05-14,9268.009765625,9275.0,9725.0,9200.0,9450.0,11060200,BREN.JK,-0.01851851851851849,8481.25,8481.25,10713.77718495855,6248.72281504145,0,-0.0,0.7666666666666665,False,False,,,,None
139,2024-05-15,9967.4814453125,9975.0,10450.0,9150.0,9200.0,32641300,BREN.JK,0.07547169811320753,8686.25,8686.25,10647.61868162596,6724.881318374039,0,0.0,0.7666666666666665,False,False,,,,None
140,2024-05-16,10367.1796875,10375.0,10450.0,10000.0,10000.0,25578300,BREN.JK,0.040100250626566414,8858.75,8858.75,10774.218542378629,6943.281457621372,0,0.0,0.7666666666666665,False,False,,,,None
141,2024-05-17,10741.8974609375,10750.0,12200.0,10200.0,10400.0,33916900,BREN.JK,0.03614457831325302,9022.5,9022.5,10998.86694866856,7046.133051331441,0,0.0,0.7666666666666665,False,False,,,,None
142,2024-05-20,10966.728515625,10975.0,11275.0,10700.0,10750.0,20232700,BREN.JK,0.020930232558139528,9173.75,9173.75,11264.234393627466,7083.265606372533,0,0.0,0.7666666666666665,False,False,,,,None
143,2024-05-21,11141.595703125,11150.0,11575.0,11000.0,11000.0,17838200,BREN.JK,0.015945330296127658,9335.0,9335.0,11515.499701299777,7154.500298700223,0,0.0,0.7666666666666665,False,False,,,,None
144,2024-05-22,11241.5205078125,11250.0,11450.0,11025.0,11225.0,14429800,BREN.JK,0.008968609865470878,9491.25,9491.25,11753.018928120317,7229.481071879683,0,0.0,0.7666666666666665,False,False,,,,None
145,2024-05-27,11241.5205078125,11250.0,11250.0,11250.0,11250.0,0,BREN.JK,0.0,9672.5,9672.5,11885.018212830182,7459.981787169818,0,0.0,0.7666666666666665,False,False,,,,None
146,2024-05-28,11241.5205078125,11250.0,11250.0,11250.0,11250.0,0,BREN.JK,0.0,9870.0,9870.0,11887.398011509405,7852.6019884905945,0,0.0,0.7666666666666665,False,False,,,,None
147,2024-05-29,10117.369140625,10125.0,10125.0,10125.0,10125.0,3269100,BREN.JK,-0.09999999999999998,9977.5,9977.5,11788.279128616072,8166.720871383929,0,-0.0,0.7666666666666665,False,False,,,,None
148,2024-05-30,9118.1220703125,9125.0,9125.0,9125.0,9125.0,338500,BREN.JK,-0.09876543209876543,10020.0,10020.0,11697.529511859,8342.470488141,0,-0.0,0.7666666666666665,False,False,,,,None
149,2024-05-31,8218.80078125,8225.0,8225.0,8225.0,8225.0,1072500,BREN.JK,-0.09863013698630141,10000.0,10000.0,11755.292748113245,8244.707251886755,1,-0.0,0.7666666666666665,True,False,0.08156028368794321,2024-06-21,9100.0,Win
150,2024-06-03,7944.0078125,7950.0,9025.0,7950.0,8000.0,28527100,BREN.JK,-0.033434650455927084,9946.25,9946.25,11883.643460568253,8008.856539431747,1,-0.033434650455927084,0.7410334346504558,False,False,,,,None
151,2024-06-04,8243.78125,8250.0,8250.0,8000.0,8000.0,14694300,BREN.JK,0.037735849056603765,9897.5,9897.5,11956.555736573391,7838.444263426609,1,0.037735849056603765,0.768996960486322,False,False,,,,None
152,2024-06-05,7419.4033203125,7425.0,7425.0,7425.0,7425.0,3842600,BREN.JK,-0.09999999999999998,9775.0,9775.0,12112.396212162495,7437.603787837505,1,-0.09999999999999998,0.6920972644376898,False,False,,,,None
153,2024-06-06,6694.94970703125,6700.0,6700.0,6700.0,6700.0,3041600,BREN.JK,-0.09764309764309764,9616.25,9616.25,12326.575043625813,6905.924956374187,1,-0.09764309764309764,0.6245187436676797,False,False,,,,None
154,2024-06-07,6047.275390625,6050.0,6050.0,6050.0,6050.0,2561500,BREN.JK,-0.09701492537313428,9453.75,9453.75,12598.76589821101,6308.73410178899,1,-0.09701492537313428,0.5639311043566362,False,False,,,,None
155,2024-06-10,6647.0048828125,6650.0,6650.0,5500.0,5500.0,69433800,BREN.JK,0.09917355371900816,9292.5,9292.5,12668.775587404747,5916.224412595254,1,0.09917355371900816,0.6198581560283686,False,False,,,,None
156,2024-06-11,7296.71240234375,7300.0,7300.0,7300.0,7300.0,29963800,BREN.JK,0.09774436090225569,9175.0,9175.0,12660.685011586675,5689.314988413325,1,0.09774436090225569,0.6804457953394122,False,False,,,,None
157,2024-06-12,8021.3857421875,8025.0,8025.0,8025.0,8025.0,22866000,BREN.JK,0.09931506849315075,9103.75,9103.75,12623.852981448128,5583.647018551872,1,0.09931506849315075,0.7480243161094223,False,False,,,,None
158,2024-06-13,8021.3857421875,8025.0,8025.0,7700.0,7800.0,6122700,BREN.JK,0.0,9041.25,9041.25,12592.79803164094,5489.701968359061,1,0.0,0.7480243161094223,False,False,,,,None
159,2024-06-14,7846.46435546875,7850.0,7850.0,7800.0,7800.0,3790700,BREN.JK,-0.02180685358255452,8935.0,8935.0,12496.061343860401,5373.9386561395995,1,-0.02180685358255452,0.7317122593718337,False,False,,,,None
160,2024-06-19,8246.2841796875,8250.0,8625.0,8125.0,8625.0,6744200,BREN.JK,0.05095541401273884,8828.75,8828.75,12335.295571086346,5322.204428913655,1,0.05095541401273884,0.768996960486322,False,False,,,,None
161,2024-06-20,8446.1943359375,8450.0,8500.0,8250.0,8250.0,8628800,BREN.JK,0.024242424242424176,8713.75,8713.75,12103.92446376095,5323.57553623905,1,0.024242424242424176,0.7876393110435662,False,False,,,,None
162,2024-06-21,9095.9013671875,9100.0,9500.0,8700.0,8700.0,59659500,BREN.JK,0.07692307692307687,8620.0,8620.0,11846.64074949719,5393.35925050281,0,0.07692307692307687,0.8482269503546097,False,True,,,,None
163,2024-06-24,9395.7666015625,9400.0,9475.0,9025.0,9200.0,22229200,BREN.JK,0.03296703296703307,8532.5,8532.5,11558.966586632008,5506.033413367992,0,0.0,0.8482269503546097,False,False,,,,None
164,2024-06-25,9645.654296875,9650.0,9800.0,9400.0,9450.0,22310600,BREN.JK,0.02659574468085113,8452.5,8452.5,11252.636274879267,5652.363725120733,0,0.0,0.8482269503546097,False,False,,,,None
165,2024-06-26,9745.6083984375,9750.0,9850.0,9500.0,9675.0,15070700,BREN.JK,0.010362694300518172,8377.5,8377.5,10931.696752920881,5823.303247079118,0,0.0,0.8482269503546097,False,False,,,,None
166,2024-06-27,9795.5859375,9800.0,9875.0,9700.0,9750.0,9625300,BREN.JK,0.00512820512820511,8305.0,8305.0,10583.307312573594,6026.692687426405,0,0.0,0.8482269503546097,False,False,,,,None
167,2024-06-28,10070.462890625,10075.0,10225.0,9600.0,9850.0,30775000,BREN.JK,0.028061224489795977,8302.5,8302.5,10572.493044274064,6032.506955725936,0,0.0,0.8482269503546097,False,False,,,,None
168,2024-07-01,10420.3046875,10425.0,10450.0,10100.0,10100.0,24594800,BREN.JK,0.03473945409429291,8367.5,8367.5,10804.93286007398,5930.067139926021,0,0.0,0.8482269503546097,False,False,,,,None
169,2024-07-02,10145.4287109375,10150.0,10700.0,9775.0,10450.0,22879500,BREN.JK,-0.026378896882493952,8463.75,8463.75,11026.308086633046,5901.1919133669535,0,-0.0,0.8482269503546097,False,False,,,,None
170,2024-07-03,10345.3388671875,10350.0,10375.0,10000.0,10175.0,12859500,BREN.JK,0.019704433497536922,8583.75,8583.75,11266.94698356859,5900.55301643141,0,0.0,0.8482269503546097,False,False,,,,None
171,2024-07-04,10395.31640625,10400.0,10475.0,10275.0,10375.0,9005200,BREN.JK,0.004830917874396157,8691.25,8691.25,11488.018577069652,5894.481422930347,0,0.0,0.8482269503546097,False,False,,,,None
172,2024-07-05,10295.361328125,10300.0,10500.0,10075.0,10425.0,11766300,BREN.JK,-0.009615384615384581,8835.0,8835.0,11653.19277664176,6016.807223358241,0,-0.0,0.8482269503546097,False,False,,,,None
173,2024-07-08,10170.4169921875,10175.0,10300.0,9950.0,10275.0,7814100,BREN.JK,-0.012135922330097082,9008.75,9008.75,11698.265462133028,6319.2345378669725,0,-0.0,0.8482269503546097,False,False,,,,None
174,2024-07-09,9945.5185546875,9950.0,10300.0,9925.0,10175.0,13353200,BREN.JK,-0.02211302211302213,9203.75,9203.75,11531.176577506627,6876.323422493373,0,-0.0,0.8482269503546097,False,False,,,,None
175,2024-07-10,9820.5751953125,9825.0,10075.0,9625.0,9950.0,10028200,BREN.JK,-0.012562814070351758,9362.5,9362.5,11367.264062768589,7357.73593723141,0,-0.0,0.8482269503546097,False,False,,,,None
176,2024-07-11,9420.7548828125,9425.0,9925.0,9425.0,9825.0,17882200,BREN.JK,-0.040712468193384255,9468.75,9468.75,11222.83358139694,7714.66641860306,0,-0.0,0.8482269503546097,False,False,,,,None
177,2024-07-12,9445.744140625,9450.0,9600.0,9025.0,9425.0,20197400,BREN.JK,0.0026525198938991412,9540.0,9540.0,11157.61683056474,7922.383169435259,0,0.0,0.8482269503546097,False,False,,,,None
178,2024-07-15,9045.923828125,9050.0,9575.0,9000.0,9475.0,19445200,BREN.JK,-0.042328042328042326,9591.25,9591.25,11065.348743389723,8117.151256610278,0,-0.0,0.8482269503546097,False,False,,,,None
179,2024-07-16,8496.171875,8500.0,9175.0,8500.0,9050.0,28227600,BREN.JK,-0.06077348066298338,9623.75,9623.75,10958.259075909269,8289.240924090731,0,-0.0,0.8482269503546097,False,False,,,,None
180,2024-07-17,7771.49853515625,7775.0,8500.0,7750.0,8500.0,46259600,BREN.JK,-0.08529411764705885,9600.0,9600.0,11049.410043322527,8150.589956677473,1,-0.0,0.8482269503546097,True,False,0.11182413171877448,2024-08-14,8800.0,Win
181,2024-07-18,8696.08203125,8700.0,8725.0,7625.0,7850.0,51865800,BREN.JK,0.11897106109324751,9612.5,9612.5,11023.96620296246,8201.03379703754,1,0.11897106109324751,0.949141410686187,False,False,,,,None
182,2024-07-19,8721.0703125,8725.0,9050.0,8375.0,8725.0,98544500,BREN.JK,0.002873563218390718,9593.75,9593.75,11043.330247774107,8144.169752225893,1,0.002873563218390718,0.9518688285329863,False,False,,,,None
183,2024-07-22,9045.923828125,9050.0,9250.0,8800.0,8825.0,28857600,BREN.JK,0.0372492836676217,9576.25,9576.25,11044.015487506702,8108.484512493297,1,0.0372492836676217,0.9873252605413783,False,False,,,,None
184,2024-07-23,8746.0595703125,8750.0,9200.0,8750.0,9125.0,18774000,BREN.JK,-0.03314917127071826,9531.25,9531.25,11043.991933673664,8018.508066326336,1,-0.03314917127071826,0.9545962463797856,False,False,,,,None
185,2024-07-24,8546.1494140625,8550.0,8850.0,8500.0,8750.0,14257200,BREN.JK,-0.02285714285714291,9471.25,9471.25,11041.556289265016,7900.943710734984,1,-0.02285714285714291,0.9327769036053905,False,False,,,,None
186,2024-07-25,8371.228515625,8375.0,8575.0,8150.0,8450.0,18465200,BREN.JK,-0.020467836257309968,9400.0,9400.0,11035.46227168506,7764.537728314938,1,-0.020467836257309968,0.9136849786777947,False,False,,,,None
187,2024-07-26,8796.037109375,8800.0,8850.0,8350.0,8375.0,12978100,BREN.JK,0.05074626865671639,9336.25,9336.25,10960.286151399541,7712.21384860046,1,0.05074626865671639,0.9600510820733843,False,False,,,,None
188,2024-07-29,8596.126953125,8600.0,9025.0,8600.0,8850.0,13833100,BREN.JK,-0.022727272727272707,9245.0,9245.0,10815.668647423765,7674.331352576235,1,-0.022727272727272707,0.9382317392989892,False,False,,,,None
189,2024-07-30,8646.1044921875,8650.0,8725.0,8400.0,8625.0,11045600,BREN.JK,0.005813953488372103,9170.0,9170.0,10701.476755498294,7638.523244501706,1,0.005813953488372103,0.943686574992588,False,False,,,,None
190,2024-07-31,8646.1044921875,8650.0,8850.0,8575.0,8675.0,14387900,BREN.JK,0.0,9085.0,9085.0,10526.800774616317,7643.199225383683,1,0.0,0.943686574992588,False,False,,,,None
191,2024-08-01,8671.0927734375,8675.0,8775.0,8575.0,8675.0,7539700,BREN.JK,0.0028901734104045396,8998.75,8998.75,10309.7836420269,7687.7163579731005,1,0.0028901734104045396,0.9464139928393873,False,False,,,,None
192,2024-08-02,8596.126953125,8600.0,8825.0,8525.0,8675.0,6976600,BREN.JK,-0.008645533141210415,8913.75,8913.75,10082.248248990873,7745.2517510091275,1,-0.008645533141210415,0.9382317392989891,False,False,,,,None
193,2024-08-05,7896.44189453125,7900.0,8550.0,7750.0,8550.0,28040800,BREN.JK,-0.08139534883720934,8800.0,8800.0,9891.956235868742,7708.043764131258,1,-0.08139534883720934,0.8618640395886062,False,False,,,,None
194,2024-08-06,7946.41943359375,7950.0,8250.0,7825.0,8025.0,15551700,BREN.JK,0.006329113924050667,8700.0,8700.0,9711.90284534685,7688.097154653149,1,0.006329113924050667,0.8673188752822051,False,False,,,,None
195,2024-08-07,8221.2958984375,8225.0,8450.0,7900.0,8000.0,20367100,BREN.JK,0.03459119496855356,8620.0,8620.0,9502.072917382087,7737.927082617913,1,0.03459119496855356,0.8973204715969985,False,False,,,,None
196,2024-08-08,8121.3408203125,8125.0,8350.0,8075.0,8250.0,8853500,BREN.JK,-0.012158054711246202,8555.0,8555.0,9376.840040781402,7733.159959218597,1,-0.012158054711246202,0.8864108002098009,False,False,,,,None
197,2024-08-09,8346.2392578125,8350.0,8350.0,8150.0,8150.0,9458700,BREN.JK,0.027692307692307683,8500.0,8500.0,9209.15071518127,7790.849284818732,1,0.027692307692307683,0.9109575608309953,False,False,,,,None
198,2024-08-12,8421.2060546875,8425.0,8500.0,8275.0,8375.0,6735900,BREN.JK,0.008982035928143617,8468.75,8468.75,9129.267141894774,7808.232858105226,1,0.008982035928143617,0.9191398143713934,False,False,,,,None
199,2024-08-13,8396.216796875,8400.0,8600.0,8125.0,8200.0,9766200,BREN.JK,-0.0029673590504450953,8463.75,8463.75,9124.784874468176,7802.715125531824,1,-0.0029673590504450953,0.9164123965245939,False,False,,,,None
200,2024-08-14,8796.037109375,8800.0,8825.0,8375.0,8450.0,16591200,BREN.JK,0.04761904761904767,8515.0,8515.0,9106.47451784769,7923.52548215231,0,0.04761904761904767,0.9600510820733842,False,True,,,,None
201,2024-08-15,8671.0927734375,8675.0,8925.0,8625.0,8850.0,12918000,BREN.JK,-0.014204545454545414,8513.75,8513.75,9103.681976453307,7923.818023546693,0,-0.0,0.9600510820733842,False,False,,,,None
202,2024-08-16,8746.0595703125,8750.0,8900.0,8675.0,8725.0,7753700,BREN.JK,0.008645533141210304,8515.0,8515.0,9106.919269033058,7923.080730966941,0,0.0,0.9600510820733842,False,False,,,,None
203,2024-08-19,9195.8564453125,9200.0,9450.0,8725.0,8750.0,34839100,BREN.JK,0.05142857142857138,8522.5,8522.5,9145.924329599704,7899.075670400295,0,0.0,0.9600510820733842,False,False,,,,None
204,2024-08-20,9420.7548828125,9425.0,9525.0,9225.0,9250.0,28068200,BREN.JK,0.024456521739130377,8556.25,8556.25,9294.11231064724,7818.38768935276,0,0.0,0.9600510820733842,False,False,,,,None
205,2024-08-21,9520.7099609375,9525.0,9625.0,9375.0,9475.0,19196600,BREN.JK,0.010610079575596787,8605.0,8605.0,9460.569985448297,7749.430014551703,0,0.0,0.9600510820733842,False,False,,,,None
206,2024-08-22,9370.77734375,9375.0,9625.0,9225.0,9625.0,25542900,BREN.JK,-0.015748031496062964,8655.0,8655.0,9568.869736197037,7741.130263802963,0,-0.0,0.9600510820733842,False,False,,,,None
207,2024-08-23,9445.744140625,9450.0,9475.0,9275.0,9350.0,23899900,BREN.JK,0.008000000000000007,8687.5,8687.5,9666.96010907191,7708.03989092809,0,0.0,0.9600510820733842,False,False,,,,None
208,2024-08-26,9720.6201171875,9725.0,9925.0,9625.0,9700.0,57298000,BREN.JK,0.02910052910052907,8743.75,8743.75,9825.886653497193,7661.613346502807,0,0.0,0.9600510820733842,False,False,,,,None
209,2024-08-27,9795.5859375,9800.0,9800.0,9650.0,9800.0,17492500,BREN.JK,0.007712082262210762,8801.25,8801.25,9980.285622871506,7622.214377128495,0,0.0,0.9600510820733842,False,False,,,,None
210,2024-08-28,10195.40625,10200.0,10350.0,9800.0,9800.0,40802700,BREN.JK,0.04081632653061229,8878.75,8878.75,10209.88277838246,7547.617221617539,0,0.0,0.9600510820733842,False,False,,,,None
211,2024-08-29,10420.3046875,10425.0,10975.0,10225.0,10225.0,81771500,BREN.JK,0.022058823529411686,8966.25,8966.25,10461.001783654008,7471.498216345991,0,0.0,0.9600510820733842,False,False,,,,None
212,2024-08-30,10745.158203125,10750.0,10750.0,10450.0,10450.0,41385100,BREN.JK,0.031175059952038398,9073.75,9073.75,10755.186963777676,7392.313036222323,0,0.0,0.9600510820733842,False,False,,,,None
213,2024-09-02,10745.158203125,10750.0,11050.0,10600.0,10800.0,38161000,BREN.JK,0.0,9216.25,9216.25,10960.73567295862,7471.764327041379,0,0.0,0.9600510820733842,False,False,,,,None
214,2024-09-03,10245.3837890625,10250.0,10850.0,10150.0,10825.0,33730400,BREN.JK,-0.046511627906976716,9331.25,9331.25,11026.822795624876,7635.677204375124,0,-0.0,0.9600510820733842,False,False,,,,None
215,2024-09-04,11244.93359375,11250.0,11250.0,9975.0,10200.0,51227800,BREN.JK,0.09756097560975618,9482.5,9482.5,11298.010657464842,7666.989342535158,0,0.0,0.9600510820733842,False,False,,,,None
216,2024-09-05,10745.158203125,10750.0,11700.0,10575.0,11500.0,45513500,BREN.JK,-0.0444444444444444,9613.75,9613.75,11395.26879320043,7832.231206799571,0,-0.0,0.9600510820733842,False,False,,,,None
217,2024-09-06,10795.1357421875,10800.0,11075.0,10675.0,10825.0,23803900,BREN.JK,0.0046511627906977715,9736.25,9736.25,11488.577399714297,7983.922600285702,0,0.0,0.9600510820733842,False,False,,,,None
218,2024-09-09,10745.158203125,10750.0,10975.0,10450.0,10825.0,26312900,BREN.JK,-0.00462962962962965,9852.5,9852.5,11546.055897792383,8158.944102207616,0,-0.0,0.9600510820733842,False,False,,,,None
219,2024-09-10,11494.8203125,11500.0,11500.0,10775.0,10800.0,38892300,BREN.JK,0.06976744186046502,10007.5,10007.5,11708.745673647772,8306.254326352228,0,0.0,0.9600510820733842,False,False,,,,None
220,2024-09-11,11894.640625,11900.0,11950.0,11425.0,11600.0,41615200,BREN.JK,0.034782608695652195,10162.5,10162.5,11962.536549336532,8362.463450663468,0,0.0,0.9600510820733842,False,False,,,,None
221,2024-09-12,11744.7080078125,11750.0,12100.0,11675.0,11975.0,25427800,BREN.JK,-0.012605042016806678,10316.25,10316.25,12106.595085818873,8525.904914181127,0,-0.0,0.9600510820733842,False,False,,,,None
222,2024-09-13,11769.697265625,11775.0,12000.0,11650.0,11900.0,12601300,BREN.JK,0.0021276595744681437,10467.5,10467.5,12211.218048188683,8723.781951811317,0,0.0,0.9600510820733842,False,False,,,,None
223,2024-09-17,11144.978515625,11150.0,12050.0,10925.0,11850.0,45242600,BREN.JK,-0.05307855626326963,10565.0,10565.0,12226.435650590365,8903.564349409635,0,-0.0,0.9600510820733842,False,False,,,,None
224,2024-09-18,10720.169921875,10725.0,11400.0,10725.0,11225.0,34909700,BREN.JK,-0.03811659192825112,10630.0,10630.0,12203.01253048176,9056.98746951824,0,-0.0,0.9600510820733842,False,False,,,,None
225,2024-09-19,11020.0341796875,11025.0,11350.0,10725.0,10725.0,36434400,BREN.JK,0.027972027972027913,10705.0,10705.0,12197.137287319945,9212.862712680055,0,0.0,0.9600510820733842,False,False,,,,None
226,2024-09-20,8821.025390625,8825.0,10200.0,8825.0,10200.0,17045100,BREN.JK,-0.199546485260771,10677.5,10677.5,12288.392201300423,9066.607798699577,1,-0.0,0.9600510820733842,True,False,-0.17949963574176575,2024-10-17,7175.0,Loss
227,2024-09-23,7071.8134765625,7075.0,7075.0,7075.0,7075.0,12591300,BREN.JK,-0.19830028328611893,10558.75,10558.75,12783.744086331586,8333.755913668414,1,-0.19830028328611893,0.7696726805290871,False,False,,,,None
228,2024-09-24,7221.74609375,7225.0,7925.0,5675.0,6000.0,467025900,BREN.JK,0.021201413427561766,10433.75,10433.75,13094.244364428892,7773.255635571108,1,0.021201413427561766,0.785990829232884,False,False,,,,None
229,2024-09-25,6971.85888671875,6975.0,7325.0,6900.0,7300.0,66286900,BREN.JK,-0.03460207612456745,10292.5,10292.5,13363.034841119103,7221.965158880897,1,-0.03460207612456745,0.7587939147265559,False,False,,,,None
230,2024-09-26,7296.71240234375,7300.0,7400.0,6950.0,6975.0,58899700,BREN.JK,0.04659498207885315,10147.5,10147.5,13497.594264188303,6797.405735811697,1,0.04659498207885315,0.7941499035847825,False,False,,,,None
231,2024-09-27,7171.7685546875,7175.0,7425.0,7025.0,7350.0,33279500,BREN.JK,-0.017123287671232834,9985.0,9985.0,13584.42977940147,6385.570220598531,1,-0.017123287671232834,0.7805514463316185,False,False,,,,None
232,2024-09-30,6597.02734375,6600.0,7225.0,6525.0,7150.0,50373500,BREN.JK,-0.08013937282229966,9777.5,9777.5,13658.692844311765,5896.307155688236,1,-0.08013937282229966,0.7179985429670638,False,False,,,,None
233,2024-10-01,6796.9375,6800.0,6900.0,6575.0,6625.0,24884500,BREN.JK,0.030303030303030276,9580.0,9580.0,13650.225650023014,5509.774349976986,1,0.030303030303030276,0.7397560745721263,False,False,,,,None
234,2024-10-02,6971.85888671875,6975.0,7100.0,6375.0,6800.0,60147400,BREN.JK,0.025735294117646967,9416.25,9416.25,13633.828346072916,5198.671653927084,1,0.025735294117646967,0.758793914726556,False,False,,,,None
235,2024-10-03,6846.9150390625,6850.0,7150.0,6650.0,6950.0,43581700,BREN.JK,-0.017921146953404965,9196.25,9196.25,13469.738498565126,4922.761501434873,1,-0.017921146953404965,0.745195457473392,False,False,,,,None
236,2024-10-04,6946.8701171875,6950.0,7000.0,6550.0,6925.0,53098700,BREN.JK,0.014598540145985384,9006.25,9006.25,13326.516652345479,4685.98334765452,1,0.014598540145985384,0.7560742232759232,False,False,,,,None
237,2024-10-07,6746.9599609375,6750.0,7000.0,6750.0,6950.0,24792200,BREN.JK,-0.02877697841726623,8803.75,8803.75,13149.597231311145,4457.902768688856,1,-0.02877697841726623,0.7343166916708607,False,False,,,,None
238,2024-10-08,6696.982421875,6700.0,6900.0,6650.0,6775.0,12943900,BREN.JK,-0.007407407407407418,8601.25,8601.25,12942.680609469891,4259.81939053011,1,-0.007407407407407418,0.728877308769595,False,False,,,,None
239,2024-10-09,6597.02734375,6600.0,6825.0,6600.0,6750.0,11196700,BREN.JK,-0.014925373134328401,8356.25,8356.25,12559.753394726082,4152.746605273919,1,-0.014925373134328401,0.7179985429670637,False,False,,,,None
240,2024-10-10,6522.0615234375,6525.0,6700.0,6525.0,6550.0,10231500,BREN.JK,-0.011363636363636354,8087.5,8087.5,12015.285635698569,4159.714364301432,1,-0.011363636363636354,0.7098394686151652,False,False,,,,None
241,2024-10-11,6497.07275390625,6500.0,6600.0,6400.0,6525.0,14669000,BREN.JK,-0.003831417624521105,7825.0,7825.0,11408.84533265891,4241.15466734109,1,-0.003831417624521105,0.7071197771645323,False,False,,,,None
242,2024-10-14,6696.982421875,6700.0,6850.0,6500.0,6500.0,19802300,BREN.JK,0.03076923076923066,7571.25,7571.25,10662.292874602612,4480.207125397388,1,0.03076923076923066,0.7288773087695948,False,False,,,,None
243,2024-10-15,6547.05029296875,6550.0,6775.0,6550.0,6725.0,16954300,BREN.JK,-0.02238805970149249,7341.25,7341.25,9959.469312513957,4723.0306874860435,1,-0.02238805970149249,0.7125591600657979,False,False,,,,None
244,2024-10-16,6871.90380859375,6875.0,6875.0,6600.0,6600.0,26103900,BREN.JK,0.04961832061068705,7148.75,7148.75,9230.65670451771,5066.84329548229,1,0.04961832061068705,0.7479151489240246,False,False,,,,None
245,2024-10-17,7171.7685546875,7175.0,7250.0,6800.0,6875.0,43453000,BREN.JK,0.043636363636363695,6956.25,6956.25,7963.83635518644,5948.66364481356,0,0.043636363636363695,0.7805514463316184,False,True,,,,None
246,2024-10-18,7171.7685546875,7175.0,7300.0,6975.0,7175.0,95394100,BREN.JK,0.0,6873.75,6873.75,7385.062809807934,6362.437190192066,0,0.0,0.7805514463316184,False,False,,,,None
247,2024-10-21,7021.8359375,7025.0,7250.0,7025.0,7200.0,20722600,BREN.JK,-0.020905923344947785,6871.25,6871.25,7378.895493793082,6363.604506206918,0,-0.0,0.7805514463316184,False,False,,,,None
248,2024-10-22,7621.56591796875,7625.0,7650.0,7050.0,7050.0,69416000,BREN.JK,0.08540925266903909,6891.25,6891.25,7482.251602990079,6300.248397009921,0,0.0,0.7805514463316184,False,False,,,,None
249,2024-10-23,7571.58837890625,7575.0,7850.0,7450.0,7700.0,39537300,BREN.JK,-0.006557377049180357,6921.25,6921.25,7586.412227936678,6256.087772063322,0,-0.0,0.7805514463316184,False,False,,,,None
250,2024-10-24,7396.66748046875,7400.0,7800.0,7400.0,7575.0,25490300,BREN.JK,-0.02310231023102305,6926.25,6926.25,7604.769091768786,6247.730908231214,0,-0.0,0.7805514463316184,False,False,,,,None
251,2024-10-25,7271.7236328125,7275.0,7550.0,7225.0,7450.0,13699600,BREN.JK,-0.016891891891891886,6931.25,6931.25,7618.899505275227,6243.600494724773,0,-0.0,0.7805514463316184,False,False,,,,None
252,2024-10-28,6796.9375,6800.0,7325.0,6700.0,7325.0,38459900,BREN.JK,-0.06529209621993126,6941.25,6941.25,7614.278309406936,6268.221690593064,0,-0.0,0.7805514463316184,False,False,,,,None
253,2024-10-29,6796.9375,6800.0,6975.0,6775.0,6800.0,10521400,BREN.JK,0.0,6941.25,6941.25,7614.278309406936,6268.221690593064,0,0.0,0.7805514463316184,False,False,,,,None
254,2024-10-30,6671.99365234375,6675.0,6875.0,6675.0,6825.0,9464700,BREN.JK,-0.018382352941176516,6926.25,6926.25,7609.407337198702,6243.092662801298,0,-0.0,0.7805514463316184,False,False,,,,None
255,2024-10-31,6796.9375,6800.0,7000.0,6700.0,6700.0,18560900,BREN.JK,0.01872659176029967,6923.75,6923.75,7608.446436770571,6239.053563229429,0,0.0,0.7805514463316184,False,False,,,,None
256,2024-11-01,6696.982421875,6700.0,6950.0,6700.0,6825.0,11549600,BREN.JK,-0.014705882352941124,6911.25,6911.25,7603.020231096699,6219.479768903301,0,-0.0,0.7805514463316184,False,False,,,,None
257,2024-11-04,6597.02734375,6600.0,6825.0,6575.0,6725.0,8692500,BREN.JK,-0.014925373134328401,6903.75,6903.75,7606.053540613242,6201.446459386758,0,-0.0,0.7805514463316184,False,False,,,,None
258,2024-11-05,6397.11767578125,6400.0,6775.0,6400.0,6775.0,15252200,BREN.JK,-0.030303030303030276,6888.75,6888.75,7621.530393612683,6155.969606387317,0,-0.0,0.7805514463316184,False,False,,,,None
259,2024-11-06,6372.12890625,6375.0,6500.0,6150.0,6400.0,16740100,BREN.JK,-0.00390625,6877.5,6877.5,7635.42306233618,6119.57693766382,0,-0.0,0.7805514463316184,False,False,,,,None
260,2024-11-07,5997.2978515625,6000.0,6400.0,6000.0,6300.0,14418500,BREN.JK,-0.05882352941176472,6851.25,6851.25,7692.376281275667,6010.123718724333,1,-0.0,0.7805514463316184,True,False,0.11383041925669435,2024-11-08,6875.0,Win
261,2024-11-08,6871.90380859375,6875.0,7025.0,6250.0,6300.0,56915100,BREN.JK,0.14583333333333326,6870.0,6870.0,7694.716857313371,6045.283142686629,0,0.14583333333333326,0.8943818655883128,False,True,,,,None
262,2024-11-11,7371.6787109375,7375.0,7525.0,6625.0,6875.0,51912700,BREN.JK,0.07272727272727275,6903.75,6903.75,7754.024723406005,6053.475276593995,0,0.0,0.8943818655883128,False,False,,,,None
263,2024-11-12,7496.6220703125,7500.0,7875.0,7425.0,7500.0,55528200,BREN.JK,0.016949152542372836,6951.25,6951.25,7824.157271858334,6078.342728141666,0,0.0,0.8943818655883128,False,False,,,,None
264,2024-11-13,7371.6787109375,7375.0,7625.0,7275.0,7600.0,22572100,BREN.JK,-0.01666666666666672,6976.25,6976.25,7868.390388999518,6084.109611000482,0,-0.0,0.8943818655883128,False,False,,,,None
265,2024-11-14,7021.8359375,7025.0,7450.0,7025.0,7375.0,19680100,BREN.JK,-0.0474576271186441,6968.75,6968.75,7856.365818980974,6081.134181019026,0,-0.0,0.8943818655883128,False,False,,,,None
266,2024-11-15,6896.892578125,6900.0,7175.0,6725.0,7025.0,20269300,BREN.JK,-0.017793594306049876,6955.0,6955.0,7837.669396296199,6072.330603703801,0,-0.0,0.8943818655883128,False,False,,,,None
267,2024-11-18,6671.99365234375,6675.0,6975.0,6675.0,6875.0,12541000,BREN.JK,-0.03260869565217395,6937.5,6937.5,7828.167992960459,6046.832007039541,0,-0.0,0.8943818655883128,False,False,,,,None
268,2024-11-19,6846.9150390625,6850.0,7050.0,6675.0,6675.0,13064000,BREN.JK,0.02621722846441954,6898.75,6898.75,7728.853829903858,6068.646170096142,0,0.0,0.8943818655883128,False,False,,,,None
269,2024-11-20,6746.9599609375,6750.0,6925.0,6725.0,6900.0,7025800,BREN.JK,-0.014598540145985384,6857.5,6857.5,7625.802982998382,6089.197017001618,0,-0.0,0.8943818655883128,False,False,,,,None
270,2024-11-21,6547.05029296875,6550.0,6875.0,6550.0,6725.0,12451700,BREN.JK,-0.029629629629629672,6815.0,6815.0,7550.276532297455,6079.723467702545,0,-0.0,0.8943818655883128,False,False,,,,None
271,2024-11-22,6696.982421875,6700.0,6775.0,6550.0,6550.0,10506200,BREN.JK,0.022900763358778553,6786.25,6786.25,7490.088161720958,6082.411838279042,0,0.0,0.8943818655883128,False,False,,,,None
272,2024-11-25,6896.892578125,6900.0,7050.0,6650.0,6750.0,18223100,BREN.JK,0.029850746268656803,6791.25,6791.25,7496.917843438511,6085.582156561489,0,0.0,0.8943818655883128,False,False,,,,None
273,2024-11-26,6696.982421875,6700.0,7000.0,6700.0,6950.0,12522000,BREN.JK,-0.02898550724637683,6786.25,6786.25,7493.072951106235,6079.427048893765,0,-0.0,0.8943818655883128,False,False,,,,None
274,2024-11-28,6746.9599609375,6750.0,6800.0,6700.0,6725.0,4553600,BREN.JK,0.00746268656716409,6790.0,6790.0,7495.131566670923,6084.868433329077,0,0.0,0.8943818655883128,False,False,,,,None
275,2024-11-29,6622.01611328125,6625.0,6800.0,6600.0,6750.0,12623100,BREN.JK,-0.01851851851851849,6781.25,6781.25,7490.191946996034,6072.308053003966,0,-0.0,0.8943818655883128,False,False,,,,None
276,2024-12-02,6721.97119140625,6725.0,6775.0,6625.0,6625.0,8955800,BREN.JK,0.015094339622641506,6782.5,6782.5,7490.926722429803,6074.073277570197,0,0.0,0.8943818655883128,False,False,,,,None
277,2024-12-03,6796.9375,6800.0,7000.0,6725.0,6775.0,10095800,BREN.JK,0.011152416356877248,6792.5,6792.5,7495.706939669967,6089.293060330033,0,0.0,0.8943818655883128,False,False,,,,None
278,2024-12-04,7471.63330078125,7475.0,7500.0,6800.0,6825.0,41585700,BREN.JK,0.09926470588235303,6846.25,6846.25,7586.498002539121,6106.001997460879,0,0.0,0.8943818655883128,False,False,,,,None
279,2024-12-05,7496.6220703125,7500.0,7675.0,7300.0,7500.0,33477500,BREN.JK,0.0033444816053511683,6902.5,6902.5,7662.676572286093,6142.323427713907,0,0.0,0.8943818655883128,False,False,,,,None
280,2024-12-06,8496.171875,8500.0,8500.0,7450.0,7500.0,65924600,BREN.JK,0.1333333333333333,7027.5,7027.5,7964.446327733149,6090.553672266851,0,0.0,0.8943818655883128,False,False,,,,None
281,2024-12-09,8321.2509765625,8325.0,8550.0,8275.0,8400.0,31066900,BREN.JK,-0.020588235294117685,7100.0,7100.0,8197.84477859793,6002.15522140207,0,-0.0,0.8943818655883128,False,False,,,,None
282,2024-12-10,8446.1943359375,8450.0,8700.0,8050.0,8400.0,38842600,BREN.JK,0.01501501501501501,7153.75,7153.75,8403.094565004092,5904.405434995908,0,0.0,0.8943818655883128,False,False,,,,None
283,2024-12-11,8396.216796875,8400.0,8750.0,8400.0,8450.0,29210500,BREN.JK,-0.00591715976331364,7198.75,7198.75,8560.393260336956,5837.106739663044,0,-0.0,0.8943818655883128,False,False,,,,None
284,2024-12-12,8525.0,8525.0,8675.0,8350.0,8475.0,17602300,BREN.JK,0.014880952380952328,7256.25,7256.25,8740.808679771268,5771.6913202287315,0,0.0,0.8943818655883128,False,False,,,,None
285,2024-12-13,8525.0,8525.0,8850.0,8525.0,8600.0,27358700,BREN.JK,0.0,7331.25,7331.25,8914.873011358848,5747.626988641153,0,0.0,0.8943818655883128,False,False,,,,None
286,2024-12-16,8425.0,8425.0,8650.0,8050.0,8625.0,24698300,BREN.JK,-0.011730205278592365,7407.5,7407.5,9049.47410069965,5765.525899300351,0,-0.0,0.8943818655883128,False,False,,,,None
287,2024-12-17,8800.0,8800.0,9025.0,8425.0,8450.0,37949700,BREN.JK,0.04451038575667665,7513.75,7513.75,9229.503248729641,5797.996751270359,0,0.0,0.8943818655883128,False,False,,,,None
288,2024-12-18,8975.0,8975.0,9100.0,8825.0,8900.0,24813500,BREN.JK,0.019886363636363535,7620.0,7620.0,9423.622086685276,5816.3779133147245,0,0.0,0.8943818655883128,False,False,,,,None
289,2024-12-19,8825.0,8825.0,9000.0,8500.0,8700.0,26992300,BREN.JK,-0.01671309192200554,7723.75,7723.75,9555.162670159583,5892.337329840417,0,-0.0,0.8943818655883128,False,False,,,,None
290,2024-12-20,9200.0,9200.0,9375.0,8700.0,8900.0,32532200,BREN.JK,0.04249291784702547,7856.25,7856.25,9713.37532524981,5999.12467475019,0,0.0,0.8943818655883128,False,False,,,,None
291,2024-12-23,9375.0,9375.0,9500.0,9100.0,9200.0,27643300,BREN.JK,0.01902173913043481,7990.0,7990.0,9881.490640237287,6098.509359762713,0,0.0,0.8943818655883128,False,False,,,,None
292,2024-12-24,9125.0,9125.0,9600.0,8950.0,9425.0,21027300,BREN.JK,-0.026666666666666616,8101.25,8101.25,9984.51948346975,6217.98051653025,0,-0.0,0.8943818655883128,False,False,,,,None
293,2024-12-27,9200.0,9200.0,9275.0,9075.0,9125.0,11432100,BREN.JK,0.008219178082191858,8226.25,8226.25,10048.804237154116,6403.695762845884,0,0.0,0.8943818655883128,False,False,,,,None
294,2024-12-30,9275.0,9275.0,9400.0,9075.0,9275.0,22948300,BREN.JK,0.008152173913043459,8352.5,8352.5,10092.425890738787,6612.574109261214,0,0.0,0.8943818655883128,False,False,,,,None
295,2025-01-02,9475.0,9475.0,9825.0,9275.0,9275.0,31228000,BREN.JK,0.02156334231805923,8495.0,8495.0,10100.877363083233,6889.122636916767,0,0.0,0.8943818655883128,False,False,,,,None
296,2025-01-03,9675.0,9675.0,9750.0,9450.0,9525.0,16136000,BREN.JK,0.02110817941952514,8642.5,8642.5,10098.802094166484,7186.197905833516,0,0.0,0.8943818655883128,False,False,,,,None
297,2025-01-06,9800.0,9800.0,9925.0,9700.0,9700.0,19534300,BREN.JK,0.012919896640826822,8792.5,8792.5,10054.818251639044,7530.181748360956,0,0.0,0.8943818655883128,False,False,,,,None
298,2025-01-07,10550.0,10550.0,10550.0,9750.0,9850.0,50713700,BREN.JK,0.07653061224489788,8946.25,8946.25,10279.950333263574,7612.549666736426,0,0.0,0.8943818655883128,False,False,,,,None
299,2025-01-08,10475.0,10475.0,10650.0,10200.0,10600.0,35618900,BREN.JK,-0.007109004739336511,9095.0,9095.0,10413.052790253387,7776.947209746614,0,-0.0,0.8943818655883128,False,False,,,,None
300,2025-01-09,10225.0,10225.0,10500.0,10125.0,10475.0,21496500,BREN.JK,-0.023866348448687402,9181.25,9181.25,10559.73839790471,7802.76160209529,0,-0.0,0.8943818655883128,False,False,,,,None
301,2025-01-10,10450.0,10450.0,10525.0,10200.0,10300.0,16317700,BREN.JK,0.022004889975550057,9287.5,9287.5,10714.818059195379,7860.181940804621,0,0.0,0.8943818655883128,False,False,,,,None
302,2025-01-13,10025.0,10025.0,10525.0,9500.0,10450.0,37723000,BREN.JK,-0.04066985645933019,9366.25,9366.25,10772.65218474772,7959.847815252281,0,-0.0,0.8943818655883128,False,False,,,,None
303,2025-01-14,9650.0,9650.0,10225.0,9625.0,10200.0,30077600,BREN.JK,-0.03740648379052369,9428.75,9428.75,10763.63369294265,8093.866307057349,0,-0.0,0.8943818655883128,False,False,,,,None
304,2025-01-15,9075.0,9075.0,9725.0,9025.0,9650.0,40012900,BREN.JK,-0.059585492227979264,9456.25,9456.25,10734.187791913206,8178.312208086795,0,-0.0,0.8943818655883128,False,False,,,,None
305,2025-01-16,9575.0,9575.0,9775.0,8875.0,9100.0,35353500,BREN.JK,0.05509641873278226,9508.75,9508.75,10709.547432410733,8307.952567589267,0,0.0,0.8943818655883128,False,False,,,,None
306,2025-01-17,9825.0,9825.0,10075.0,9600.0,9650.0,60357300,BREN.JK,0.02610966057441244,9578.75,9578.75,10671.943655497987,8485.556344502013,0,0.0,0.8943818655883128,False,False,,,,None
307,2025-01-20,9600.0,9600.0,10000.0,9600.0,9925.0,21370700,BREN.JK,-0.022900763358778664,9618.75,9618.75,10648.680375776617,8588.819624223383,0,-0.0,0.8943818655883128,False,False,,,,None
308,2025-01-21,9850.0,9850.0,9850.0,9100.0,9650.0,50440000,BREN.JK,0.02604166666666674,9662.5,9662.5,10650.786662014512,8674.213337985488,0,0.0,0.8943818655883128,False,False,,,,None
309,2025-01-22,9850.0,9850.0,10075.0,9775.0,9950.0,25079100,BREN.JK,0.0,9713.75,9713.75,10622.258754990691,8805.241245009309,0,0.0,0.8943818655883128,False,False,,,,None
310,2025-01-23,10000.0,10000.0,10050.0,9775.0,9900.0,22516700,BREN.JK,0.015228426395939021,9753.75,9753.75,10637.11602058025,8870.38397941975,0,0.0,0.8943818655883128,False,False,,,,None
311,2025-01-24,9600.0,9600.0,9975.0,9400.0,9975.0,28283600,BREN.JK,-0.040000000000000036,9765.0,9765.0,10633.665037496283,8896.334962503717,0,-0.0,0.8943818655883128,False,False,,,,None
312,2025-01-30,9125.0,9125.0,9625.0,9050.0,9600.0,19450700,BREN.JK,-0.04947916666666663,9765.0,9765.0,10633.665037496283,8896.334962503717,0,-0.0,0.8943818655883128,False,False,,,,None
313,2025-01-31,9025.0,9025.0,9325.0,9025.0,9175.0,13310200,BREN.JK,-0.010958904109588996,9756.25,9756.25,10651.981838395726,8860.518161604274,0,-0.0,0.8943818655883128,False,False,,,,None
314,2025-02-03,8400.0,8400.0,9000.0,8250.0,8975.0,27467700,BREN.JK,-0.06925207756232687,9712.5,9712.5,10776.813467872475,8648.186532127525,1,-0.0,0.8943818655883128,True,False,-0.2049625108639882,2025-03-07,6475.0,Loss
315,2025-02-04,8875.0,8875.0,8975.0,8475.0,8500.0,17040900,BREN.JK,0.05654761904761907,9682.5,9682.5,10807.116893833067,8557.883106166933,1,0.05654761904761907,0.9449570306066996,False,False,,,,None
316,2025-02-05,8850.0,8850.0,8975.0,8700.0,8950.0,13590000,BREN.JK,-0.0028169014084507005,9641.25,9641.25,10825.941276684618,8456.558723315382,1,-0.0028169014084507005,0.9422951798162581,False,False,,,,None
317,2025-02-06,8775.0,8775.0,8925.0,8600.0,8900.0,8514600,BREN.JK,-0.008474576271186418,9590.0,9590.0,10833.022631796337,8346.977368203663,1,-0.008474576271186418,0.934309627444934,False,False,,,,None
318,2025-02-07,7025.0,7025.0,7025.0,7025.0,7025.0,9594200,BREN.JK,-0.19943019943019946,9413.75,9413.75,11027.871481764843,7799.628518235157,1,-0.19943019943019946,0.7479800721140354,False,False,,,,None
319,2025-02-10,6650.0,6650.0,7100.0,5800.0,6500.0,154387100,BREN.JK,-0.053380782918149516,9222.5,9222.5,11177.581099408195,7267.418900591805,1,-0.053380782918149516,0.7080523102574142,False,False,,,,None
320,2025-02-11,6025.0,6025.0,6775.0,5825.0,6700.0,60707200,BREN.JK,-0.09398496240601506,9012.5,9012.5,11374.173135723908,6650.826864276092,1,-0.09398496240601506,0.641506040496379,False,False,,,,None
321,2025-02-12,6275.0,6275.0,6450.0,6025.0,6100.0,27758900,BREN.JK,0.04149377593361003,8803.75,8803.75,11360.437567105037,6247.062432894963,1,0.04149377593361003,0.6681245484007932,False,False,,,,None
322,2025-02-13,6125.0,6125.0,6475.0,6025.0,6475.0,20652100,BREN.JK,-0.0239043824701195,8608.75,8608.75,11360.700265385967,5856.799734614033,1,-0.0239043824701195,0.6521534436581448,False,False,,,,None
323,2025-02-14,6150.0,6150.0,6350.0,6075.0,6150.0,17429300,BREN.JK,0.004081632653061273,8433.75,8433.75,11347.297078553454,5520.202921446546,1,0.004081632653061273,0.6548152944485862,False,False,,,,None
324,2025-02-17,7025.0,7025.0,7050.0,6225.0,6250.0,45916300,BREN.JK,0.1422764227642277,8331.25,8331.25,11293.640348847932,5368.859651152068,1,0.1422764227642277,0.7479800721140355,False,False,,,,None
325,2025-02-18,6825.0,6825.0,7150.0,6800.0,7100.0,26653500,BREN.JK,-0.028469750889679735,8193.75,8193.75,11168.329802257791,5219.170197742209,1,-0.028469750889679735,0.7266852657905042,False,False,,,,None
326,2025-02-19,6725.0,6725.0,6950.0,6675.0,6850.0,11896600,BREN.JK,-0.0146520146520146,8038.75,8038.75,10978.293242356576,5099.206757643425,1,-0.0146520146520146,0.7160378626287386,False,False,,,,None
327,2025-02-20,6700.0,6700.0,6950.0,6650.0,6725.0,12642500,BREN.JK,-0.0037174721189591198,7893.75,7893.75,10794.87841022792,4992.62158977208,1,-0.0037174721189591198,0.7133760118382971,False,False,,,,None
328,2025-02-21,6900.0,6900.0,7000.0,6750.0,6900.0,21679300,BREN.JK,0.029850746268656803,7746.25,7746.25,10526.030140870667,4966.469859129333,1,0.029850746268656803,0.7346708181618284,False,False,,,,None
329,2025-02-24,6300.0,6300.0,6900.0,6300.0,6900.0,23643300,BREN.JK,-0.08695652173913049,7568.75,7568.75,10233.918850185668,4903.581149814332,1,-0.08695652173913049,0.6707863991912346,False,False,,,,None
330,2025-02-25,6125.0,6125.0,6450.0,6050.0,6325.0,19056200,BREN.JK,-0.02777777777777779,7375.0,7375.0,9852.796134513597,4897.203865486403,1,-0.02777777777777779,0.6521534436581448,False,False,,,,None
331,2025-02-26,6425.0,6425.0,6600.0,6175.0,6225.0,23444300,BREN.JK,0.048979591836734615,7216.25,7216.25,9492.458470241687,4940.041529758313,1,0.048979591836734615,0.6840956531434416,False,False,,,,None
332,2025-02-27,6200.0,6200.0,6525.0,6200.0,6475.0,19662900,BREN.JK,-0.035019455252918275,7070.0,7070.0,9201.073364342608,4938.926635657392,1,-0.035019455252918275,0.6601389960294689,False,False,,,,None
333,2025-02-28,6125.0,6125.0,6350.0,6025.0,6125.0,14415600,BREN.JK,-0.012096774193548376,6925.0,6925.0,8883.65152323574,4966.34847676426,1,-0.012096774193548376,0.6521534436581446,False,False,,,,None
334,2025-03-03,6400.0,6400.0,6525.0,6200.0,6225.0,13993600,BREN.JK,0.044897959183673564,6825.0,6825.0,8667.338331120478,4982.661668879522,1,0.044897959183673564,0.6814338023530002,False,False,,,,None
335,2025-03-04,6075.0,6075.0,6425.0,5875.0,6400.0,23552800,BREN.JK,-0.05078125,6685.0,6685.0,8280.421079543778,5089.5789204562225,1,-0.05078125,0.646829742077262,False,False,,,,None
336,2025-03-05,6100.0,6100.0,6250.0,6100.0,6125.0,9871600,BREN.JK,0.004115226337448652,6547.5,6547.5,7792.902069931423,5302.097930068577,1,0.004115226337448652,0.6494915928677034,False,False,,,,None
337,2025-03-06,6325.0,6325.0,6375.0,6175.0,6200.0,10928500,BREN.JK,0.03688524590163933,6425.0,6425.0,7098.560843967577,5751.439156032423,1,0.03688524590163933,0.6734482499816761,False,False,,,,None
338,2025-03-07,6475.0,6475.0,6825.0,6225.0,6400.0,22735800,BREN.JK,0.02371541501976293,6397.5,6397.5,7010.065785940794,5784.934214059206,0,0.02371541501976293,0.6894193547243246,False,True,,,,None
339,2025-03-10,6225.0,6225.0,6600.0,6225.0,6500.0,9591300,BREN.JK,-0.038610038610038644,6376.25,6376.25,6981.376128653314,5771.123871346686,0,-0.0,0.6894193547243246,False,False,,,,None
340,2025-03-11,6150.0,6150.0,6225.0,6050.0,6050.0,8972200,BREN.JK,-0.012048192771084376,6382.5,6382.5,6974.797044964504,5790.202955035496,0,-0.0,0.6894193547243246,False,False,,,,None
341,2025-03-12,6150.0,6150.0,6250.0,6100.0,6175.0,5643400,BREN.JK,0.0,6376.25,6376.25,6975.915476920696,5776.584523079304,0,0.0,0.6894193547243246,False,False,,,,None
342,2025-03-13,6075.0,6075.0,6200.0,6025.0,6200.0,5912700,BREN.JK,-0.012195121951219523,6373.75,6373.75,6978.2234550786625,5769.2765449213375,0,-0.0,0.6894193547243246,False,False,,,,None
343,2025-03-14,6025.0,6025.0,6150.0,6000.0,6150.0,6515500,BREN.JK,-0.008230452674897082,6367.5,6367.5,6984.176149761129,5750.823850238871,0,-0.0,0.6894193547243246,False,False,,,,None
344,2025-03-17,5725.0,5725.0,6100.0,5700.0,6050.0,13714900,BREN.JK,-0.049792531120331995,6302.5,6302.5,6901.160786123582,5703.839213876418,0,-0.0,0.6894193547243246,False,False,,,,None
345,2025-03-18,5050.0,5050.0,5825.0,4580.0,5775.0,49691200,BREN.JK,-0.11790393013100442,6213.75,6213.75,6987.067358425443,5440.432641574557,1,-0.0,0.6894193547243246,True,False,0.0819112104622961,2025-04-14,5650.0,Win
346,2025-03-19,5300.0,5300.0,5400.0,4940.0,5125.0,21392000,BREN.JK,0.04950495049504955,6142.5,6142.5,6977.6016326424615,5307.3983673575385,1,0.04950495049504955,0.7235490257502812,False,False,,,,None
347,2025-03-20,5600.0,5600.0,5800.0,5325.0,5350.0,23914000,BREN.JK,0.05660377358490565,6087.5,6087.5,6912.838845884716,5262.161154115284,1,0.05660377358490565,0.7645046309814292,False,False,,,,None
348,2025-03-21,5975.0,5975.0,6350.0,5400.0,5675.0,44922600,BREN.JK,0.06696428571428581,6041.25,6041.25,6773.2758479761915,5309.2241520238085,1,0.06696428571428581,0.8156991375203643,False,False,,,,None
349,2025-03-24,5450.0,5450.0,6100.0,5100.0,6000.0,25866200,BREN.JK,-0.08786610878661083,5998.75,5998.75,6765.402841217828,5232.097158782172,1,-0.08786610878661083,0.7440268283658553,False,False,,,,None
350,2025-03-25,5125.0,5125.0,5625.0,5125.0,5525.0,15840600,BREN.JK,-0.059633027522935755,5948.75,5948.75,6805.837325895399,5091.662674104601,1,-0.059633027522935755,0.6996582560321116,False,False,,,,None
351,2025-03-26,5450.0,5450.0,5575.0,5125.0,5150.0,15462000,BREN.JK,0.06341463414634152,5900.0,5900.0,6753.938245024656,5046.061754975344,1,0.06341463414634152,0.7440268283658553,False,False,,,,None
352,2025-03-27,5500.0,5500.0,5675.0,5350.0,5500.0,10002700,BREN.JK,0.00917431192660545,5865.0,5865.0,6724.528634592361,5005.471365407639,1,0.00917431192660545,0.7508527625710466,False,False,,,,None
353,2025-04-08,4740.0,4740.0,4980.0,4690.0,4790.0,23613500,BREN.JK,-0.13818181818181818,5795.75,5795.75,6781.048645615952,4810.451354384048,1,-0.13818181818181818,0.6470985626521384,False,False,,,,None
354,2025-04-09,4250.0,4250.0,4820.0,4170.0,4700.0,24074500,BREN.JK,-0.1033755274261603,5688.25,5688.25,6849.41672269521,4527.08327730479,1,-0.1033755274261603,0.5802044074412633,False,False,,,,None
355,2025-04-10,5000.0,5000.0,5175.0,4620.0,4700.0,32828300,BREN.JK,0.17647058823529416,5634.5,5634.5,6819.564510791223,4449.435489208777,1,0.17647058823529416,0.6825934205191334,False,False,,,,None
356,2025-04-11,5150.0,5150.0,5450.0,4890.0,5000.0,19504500,BREN.JK,0.030000000000000027,5587.0,5587.0,6769.657133211837,4404.342866788163,1,0.030000000000000027,0.7030712231347074,False,False,,,,None
357,2025-04-14,5650.0,5650.0,5675.0,4760.0,4800.0,33865700,BREN.JK,0.09708737864077666,5553.25,5553.25,6684.64538902887,4421.85461097113,0,0.09708737864077666,0.7713305651866207,False,True,,,,None
358,2025-04-15,5900.0,5900.0,6050.0,5575.0,5750.0,27318000,BREN.JK,0.04424778761061954,5524.5,5524.5,6584.226379779233,4464.773620220767,0,0.0,0.7713305651866207,False,False,,,,None
359,2025-04-16,5600.0,5600.0,6050.0,5600.0,5975.0,20798300,BREN.JK,-0.05084745762711862,5493.25,5493.25,6501.616448637023,4484.883551362977,0,-0.0,0.7713305651866207,False,False,,,,None
360,2025-04-17,5600.0,5600.0,5725.0,5525.0,5600.0,8101700,BREN.JK,0.0,5465.75,5465.75,6427.63014900643,4503.86985099357,0,0.0,0.7713305651866207,False,False,,,,None
361,2025-04-21,5600.0,5600.0,5800.0,5525.0,5625.0,6984400,BREN.JK,0.0,5438.25,5438.25,6347.785885117123,4528.714114882877,0,0.0,0.7713305651866207,False,False,,,,None
362,2025-04-22,6000.0,6000.0,6025.0,5475.0,5600.0,21718600,BREN.JK,0.0714285714285714,5434.5,5434.5,6333.53983870513,4535.46016129487,0,0.0,0.7713305651866207,False,False,,,,None
363,2025-04-23,6100.0,6100.0,6375.0,6050.0,6200.0,20022000,BREN.JK,0.016666666666666607,5438.25,5438.25,6348.219779717985,4528.280220282015,0,0.0,0.7713305651866207,False,False,,,,None
364,2025-04-24,6000.0,6000.0,6175.0,5850.0,6100.0,55496500,BREN.JK,-0.016393442622950838,5452.0,5452.0,6388.14776161616,4515.85223838384,0,-0.0,0.7713305651866207,False,False,,,,None
365,2025-04-25,6000.0,6000.0,6050.0,5925.0,6050.0,9172000,BREN.JK,0.0,5499.5,5499.5,6446.1111300734565,4552.8888699265435,0,0.0,0.7713305651866207,False,False,,,,None
366,2025-04-28,6050.0,6050.0,6250.0,5900.0,6050.0,26241400,BREN.JK,0.008333333333333304,5537.0,5537.0,6509.405590059491,4564.594409940509,0,0.0,0.7713305651866207,False,False,,,,None
367,2025-04-29,6025.0,6025.0,6175.0,6025.0,6100.0,8116900,BREN.JK,-0.004132231404958664,5558.25,5558.25,6554.729460796595,4561.770539203405,0,-0.0,0.7713305651866207,False,False,,,,None
368,2025-04-30,6025.0,6025.0,6125.0,5950.0,6050.0,7406500,BREN.JK,0.0,5560.75,5560.75,6561.871870703062,4559.628129296938,0,0.0,0.7713305651866207,False,False,,,,None
369,2025-05-02,6100.0,6100.0,6150.0,6025.0,6100.0,11343400,BREN.JK,0.012448132780082943,5593.25,5593.25,6621.079982868864,4565.420017131136,0,0.0,0.7713305651866207,False,False,,,,None
370,2025-05-05,6150.0,6150.0,6375.0,6125.0,6150.0,14416100,BREN.JK,0.008196721311475308,5644.5,5644.5,6676.23282955373,4612.76717044627,0,0.0,0.7713305651866207,False,False,,,,None
371,2025-05-06,6200.0,6200.0,6250.0,6100.0,6175.0,23176000,BREN.JK,0.008130081300812941,5682.0,5682.0,6738.19675200569,4625.80324799431,0,0.0,0.7713305651866207,False,False,,,,None
372,2025-05-07,6100.0,6100.0,6550.0,6100.0,6250.0,70037000,BREN.JK,-0.016129032258064502,5712.0,5712.0,6780.444023605798,4643.555976394202,0,-0.0,0.7713305651866207,False,False,,,,None
373,2025-05-08,5950.0,5950.0,6250.0,5925.0,6175.0,21520300,BREN.JK,-0.024590163934426257,5772.5,5772.5,6741.615168866072,4803.384831133928,0,-0.0,0.7713305651866207,False,False,,,,None
374,2025-05-09,6000.0,6000.0,6150.0,5900.0,6000.0,9024500,BREN.JK,0.008403361344537785,5860.0,5860.0,6515.623447767967,5204.376552232033,0,0.0,0.7713305651866207,False,False,,,,None
375,2025-05-14,6175.0,6175.0,6275.0,6075.0,6150.0,17243800,BREN.JK,0.029166666666666563,5918.75,5918.75,6448.3662960603,5389.1337039397,0,0.0,0.7713305651866207,False,False,,,,None
376,2025-05-15,6200.0,6200.0,6300.0,6175.0,6225.0,21087000,BREN.JK,0.004048582995951344,5971.25,5971.25,6372.653786728525,5569.846213271475,0,0.0,0.7713305651866207,False,False,,,,None
377,2025-05-16,6675.0,6675.0,6825.0,6150.0,6200.0,66787100,BREN.JK,0.0766129032258065,6022.5,6022.5,6504.791678507823,5540.208321492177,0,0.0,0.7713305651866207,False,False,,,,None
378,2025-05-19,6500.0,6500.0,6775.0,6500.0,6700.0,27206000,BREN.JK,-0.02621722846441943,6052.5,6052.5,6575.6232118123235,5529.3767881876765,0,-0.0,0.7713305651866207,False,False,,,,None
379,2025-05-20,6500.0,6500.0,6850.0,6475.0,6650.0,42947100,BREN.JK,0.0,6097.5,6097.5,6611.48853151244,5583.51146848756,0,0.0,0.7713305651866207,False,False,,,,None
380,2025-05-21,6500.0,6500.0,6550.0,6300.0,6500.0,18383400,BREN.JK,0.0,6142.5,6142.5,6630.001686906662,5654.998313093338,0,0.0,0.7713305651866207,False,False,,,,None
381,2025-05-22,6500.0,6500.0,6600.0,6450.0,6500.0,8950800,BREN.JK,0.0,6187.5,6187.5,6628.0439221785045,5746.9560778214955,0,0.0,0.7713305651866207,False,False,,,,None
382,2025-05-23,6650.0,6650.0,6800.0,6500.0,6550.0,18462000,BREN.JK,0.023076923076922995,6220.0,6220.0,6696.721258068838,5743.278741931162,0,0.0,0.7713305651866207,False,False,,,,None
383,2025-05-26,6525.0,6525.0,6750.0,6500.0,6675.0,19338300,BREN.JK,-0.018796992481203034,6241.25,6241.25,6733.098018888162,5749.401981111838,0,-0.0,0.7713305651866207,False,False,,,,None
384,2025-05-27,6575.0,6575.0,6725.0,6500.0,6575.0,16376900,BREN.JK,0.00766283524904221,6270.0,6270.0,6769.631443113189,5770.368556886811,0,0.0,0.7713305651866207,False,False,,,,None
385,2025-05-28,6500.0,6500.0,6675.0,6500.0,6625.0,10009200,BREN.JK,-0.011406844106463865,6295.0,6295.0,6787.7367184249715,5802.2632815750285,0,-0.0,0.7713305651866207,False,False,,,,None
386,2025-06-02,6275.0,6275.0,6575.0,6250.0,6525.0,13383300,BREN.JK,-0.0346153846153846,6306.25,6306.25,6785.524396737839,5826.975603262161,0,-0.0,0.7713305651866207,False,False,,,,None
387,2025-06-03,6200.0,6200.0,6350.0,6100.0,6300.0,10494200,BREN.JK,-0.01195219123505975,6315.0,6315.0,6778.794419067213,5851.205580932787,0,-0.0,0.7713305651866207,False,False,,,,None
388,2025-06-04,6150.0,6150.0,6250.0,6150.0,6225.0,6962600,BREN.JK,-0.008064516129032251,6321.25,6321.25,6771.768706895903,5870.731293104097,0,-0.0,0.7713305651866207,False,False,,,,None
389,2025-06-05,6350.0,6350.0,6550.0,6200.0,6200.0,21487100,BREN.JK,0.03252032520325199,6333.75,6333.75,6772.130692525283,5895.369307474717,0,0.0,0.7713305651866207,False,False,,,,None
390,2025-06-10,6725.0,6725.0,6900.0,6425.0,6450.0,46468500,BREN.JK,0.059055118110236116,6362.5,6362.5,6824.902194494883,5900.097805505117,0,0.0,0.7713305651866207,False,False,,,,None
391,2025-06-11,6575.0,6575.0,6900.0,6500.0,6850.0,30497100,BREN.JK,-0.022304832713754608,6381.25,6381.25,6846.312248238707,5916.187751761293,0,-0.0,0.7713305651866207,False,False,,,,None
392,2025-06-12,6450.0,6450.0,6650.0,6425.0,6500.0,18601700,BREN.JK,-0.019011406844106515,6398.75,6398.75,6845.220073258879,5952.279926741121,0,-0.0,0.7713305651866207,False,False,,,,None
393,2025-06-13,6375.0,6375.0,6475.0,6325.0,6450.0,20286500,BREN.JK,-0.011627906976744207,6420.0,6420.0,6813.900869175026,6026.099130824974,0,-0.0,0.7713305651866207,False,False,,,,None
394,2025-06-16,6325.0,6325.0,6450.0,6300.0,6400.0,13282300,BREN.JK,-0.007843137254901933,6436.25,6436.25,6780.937119756911,6091.562880243089,0,-0.0,0.7713305651866207,False,False,,,,None
395,2025-06-17,6400.0,6400.0,6500.0,6300.0,6400.0,16143200,BREN.JK,0.011857707509881354,6447.5,6447.5,6770.275789870174,6124.724210129826,0,0.0,0.7713305651866207,False,False,,,,None
396,2025-06-18,6300.0,6300.0,6400.0,6300.0,6400.0,9674300,BREN.JK,-0.015625,6452.5,6452.5,6761.956229368122,6143.043770631878,0,-0.0,0.7713305651866207,False,False,,,,None
397,2025-06-19,6125.0,6125.0,6350.0,6025.0,6350.0,19086900,BREN.JK,-0.02777777777777779,6425.0,6425.0,6748.63071872933,6101.36928127067,0,-0.0,0.7713305651866207,False,False,,,,None
398,2025-06-20,6050.0,6050.0,6175.0,6000.0,6125.0,18678500,BREN.JK,-0.01224489795918371,6402.5,6402.5,6764.475573470742,6040.524426529258,0,-0.0,0.7713305651866207,False,False,,,,None
399,2025-06-23,5800.0,5800.0,5925.0,5650.0,5850.0,14815400,BREN.JK,-0.04132231404958675,6367.5,6367.5,6815.037119895333,5919.962880104667,1,-0.0,0.7713305651866207,True,False,0.039896408544135564,2025-07-10,6100.0,Win
400,2025-06-24,5850.0,5850.0,6050.0,5800.0,5950.0,14893700,BREN.JK,0.008620689655172376,6335.0,6335.0,6833.524137619707,5836.475862380293,1,0.008620689655172376,0.7779799666106433,False,False,,,,None
401,2025-06-25,5775.0,5775.0,5975.0,5775.0,5875.0,8470800,BREN.JK,-0.012820512820512775,6298.75,6298.75,6849.46126258398,5748.03873741602,1,-0.012820512820512775,0.7680058644746094,False,False,,,,None
402,2025-06-26,5775.0,5775.0,5900.0,5750.0,5775.0,6855600,BREN.JK,0.0,6255.0,6255.0,6826.8391382198315,5683.1608617801685,1,0.0,0.7680058644746094,False,False,,,,None
403,2025-06-30,5875.0,5875.0,5925.0,5775.0,5875.0,13487000,BREN.JK,0.017316017316017396,6222.5,6222.5,6803.538090969855,5641.461909030145,1,0.017316017316017396,0.7813046673226547,False,False,,,,None
404,2025-07-01,5900.0,5900.0,6225.0,5850.0,5900.0,22084700,BREN.JK,0.004255319148936065,6188.75,6188.75,6761.939368910117,5615.560631089883,1,0.004255319148936065,0.7846293680346659,False,False,,,,None
405,2025-07-02,5825.0,5825.0,6050.0,5700.0,5925.0,15638000,BREN.JK,-0.012711864406779627,6155.0,6155.0,6730.508928093899,5579.491071906101,1,-0.012711864406779627,0.774655265898632,False,False,,,,None
406,2025-07-03,5750.0,5750.0,5875.0,5725.0,5850.0,3185700,BREN.JK,-0.012875536480686733,6128.75,6128.75,6728.59098770117,5528.90901229883,1,-0.012875536480686733,0.7646811637625981,False,False,,,,None
407,2025-07-04,5700.0,5700.0,5825.0,5650.0,5800.0,4715800,BREN.JK,-0.008695652173912993,6103.75,6103.75,6732.0884522105225,5475.4115477894775,1,-0.008695652173912993,0.7580317623385755,False,False,,,,None
408,2025-07-07,5825.0,5825.0,5925.0,5700.0,5775.0,15984900,BREN.JK,0.021929824561403466,6087.5,6087.5,6727.5041118288955,5447.4958881711045,1,0.021929824561403466,0.774655265898632,False,False,,,,None
409,2025-07-08,6000.0,6000.0,6050.0,5775.0,5850.0,11718100,BREN.JK,0.030042918454935563,6070.0,6070.0,6698.825136768226,5441.174863231774,1,0.030042918454935563,0.7979281708827111,False,False,,,,None
410,2025-07-09,5975.0,5975.0,6125.0,5925.0,6050.0,9563400,BREN.JK,-0.004166666666666652,6032.5,6032.5,6581.206613199094,5483.793386800906,1,-0.004166666666666652,0.7946034701706998,False,False,,,,None
411,2025-07-10,6100.0,6100.0,6200.0,5975.0,6000.0,15585100,BREN.JK,0.02092050209205021,6008.75,6008.75,6496.298917923546,5521.201082076454,0,0.02092050209205021,0.8112269737307563,False,True,,,,None
412,2025-07-11,6100.0,6100.0,6200.0,6050.0,6150.0,12951800,BREN.JK,0.0,5991.25,5991.25,6435.296879933804,5547.203120066196,0,0.0,0.8112269737307563,False,False,,,,None
413,2025-07-14,7300.0,7300.0,7300.0,6725.0,7300.0,150102200,BREN.JK,0.19672131147540983,6037.5,6037.5,6757.0576126306605,5317.9423873693395,0,0.0,0.8112269737307563,False,False,,,,None
414,2025-07-15,7750.0,7750.0,8500.0,7425.0,7550.0,121620600,BREN.JK,0.06164383561643838,6108.75,6108.75,7155.8355542384,5061.6644457616,0,0.0,0.8112269737307563,False,False,,,,None
415,2025-07-16,7700.0,7700.0,7875.0,7350.0,7850.0,55971100,BREN.JK,-0.006451612903225823,6173.75,6173.75,7436.211567940313,4911.288432059687,0,-0.0,0.8112269737307563,False,False,,,,None
416,2025-07-17,7725.0,7725.0,7950.0,7550.0,7550.0,38443100,BREN.JK,0.0032467532467532756,6245.0,6245.0,7685.723502455039,4804.276497544961,0,0.0,0.8112269737307563,False,False,,,,None
417,2025-07-18,8000.0,8000.0,8450.0,7725.0,7800.0,95900700,BREN.JK,0.03559870550161803,6338.75,6338.75,7977.063879701033,4700.436120298967,0,0.0,0.8112269737307563,False,False,,,,None
418,2025-07-21,7900.0,7900.0,8175.0,7750.0,8125.0,45820100,BREN.JK,-0.012499999999999956,6431.25,6431.25,8204.284493682928,4658.215506317073,0,-0.0,0.8112269737307563,False,False,,,,None
419,2025-07-22,7875.0,7875.0,8375.0,7875.0,8125.0,70858500,BREN.JK,-0.0031645569620253333,6535.0,6535.0,8393.295767065818,4676.704232934182,0,-0.0,0.8112269737307563,False,False,,,,None
420,2025-07-23,7825.0,7825.0,8025.0,7550.0,7925.0,33058300,BREN.JK,-0.006349206349206327,6633.75,6633.75,8547.844192809582,4719.655807190417,0,-0.0,0.8112269737307563,False,False,,,,None
421,2025-07-24,7725.0,7725.0,7950.0,7700.0,7825.0,20312400,BREN.JK,-0.012779552715655007,6731.25,6731.25,8659.766951333057,4802.733048666943,0,-0.0,0.8112269737307563,False,False,,,,None
422,2025-07-25,7650.0,7650.0,7775.0,7500.0,7725.0,20860300,BREN.JK,-0.009708737864077666,6825.0,6825.0,8740.037446383916,4909.962553616084,0,-0.0,0.8112269737307563,False,False,,,,None
423,2025-07-28,7925.0,7925.0,7950.0,7625.0,7650.0,29391500,BREN.JK,0.03594771241830075,6927.5,6927.5,8847.882363242443,5007.117636757557,0,0.0,0.8112269737307563,False,False,,,,None
424,2025-07-29,7925.0,7925.0,8000.0,7800.0,8000.0,21903100,BREN.JK,0.0,7028.75,7028.75,8934.508241142934,5122.991758857066,0,0.0,0.8112269737307563,False,False,,,,None
425,2025-07-30,7825.0,7825.0,8100.0,7750.0,8000.0,22115500,BREN.JK,-0.012618296529968487,7128.75,7128.75,8977.595656932426,5279.904343067574,0,-0.0,0.8112269737307563,False,False,,,,None
426,2025-07-31,7825.0,7825.0,7875.0,7700.0,7825.0,10829100,BREN.JK,0.0,7232.5,7232.5,8986.000258880715,5478.999741119284,0,0.0,0.8112269737307563,False,False,,,,None
427,2025-08-01,7800.0,7800.0,7925.0,7775.0,7900.0,15546700,BREN.JK,-0.0031948881789137795,7337.5,7337.5,8950.481874143596,5724.5181258564035,0,-0.0,0.8112269737307563,False,False,,,,None
428,2025-08-04,7200.0,7200.0,7800.0,7150.0,7800.0,38666700,BREN.JK,-0.07692307692307687,7406.25,7406.25,8856.828378295688,5955.671621704312,0,-0.0,0.8112269737307563,False,False,,,,None
429,2025-08-05,7075.0,7075.0,7300.0,6775.0,7225.0,35004600,BREN.JK,-0.01736111111111116,7460.0,7460.0,8763.37618272094,6156.62381727906,0,-0.0,0.8112269737307563,False,False,,,,None
430,2025-08-06,7225.0,7225.0,7450.0,7075.0,7200.0,21124000,BREN.JK,0.021201413427561766,7522.5,7522.5,8631.423138146098,6413.576861853902,0,0.0,0.8112269737307563,False,False,,,,None
431,2025-08-07,7250.0,7250.0,7375.0,7025.0,7325.0,25660000,BREN.JK,0.0034602076124568004,7580.0,7580.0,8477.45253502989,6682.547464970109,0,0.0,0.8112269737307563,False,False,,,,None
432,2025-08-08,7950.0,7950.0,8050.0,7375.0,7925.0,73663400,BREN.JK,0.096551724137931,7672.5,7672.5,8253.085004429515,7091.914995570485,0,0.0,0.8112269737307563,False,False,,,,None
433,2025-08-11,8750.0,8750.0,8825.0,7850.0,8050.0,84544500,BREN.JK,0.10062893081761004,7745.0,7745.0,8473.119423403085,7016.8805765969155,0,0.0,0.8112269737307563,False,False,,,,None
434,2025-08-12,9100.0,9100.0,9325.0,8825.0,8900.0,72575500,BREN.JK,0.040000000000000036,7812.5,7812.5,8759.86476607482,6865.13523392518,0,0.0,0.8112269737307563,False,False,,,,None
435,2025-08-13,9100.0,9100.0,9450.0,8875.0,9150.0,55874800,BREN.JK,0.0,7882.5,7882.5,8988.476586789393,6776.523413210608,0,0.0,0.8112269737307563,False,False,,,,None
436,2025-08-14,9225.0,9225.0,9375.0,9150.0,9200.0,37491300,BREN.JK,0.013736263736263687,7957.5,7957.5,9211.976195994084,6703.023804005916,0,0.0,0.8112269737307563,False,False,,,,None
437,2025-08-15,8750.0,8750.0,9325.0,8700.0,9275.0,39895400,BREN.JK,-0.051490514905149,7995.0,7995.0,9298.699190360785,6691.300809639215,0,-0.0,0.8112269737307563,False,False,,,,None
438,2025-08-19,8575.0,8575.0,8925.0,8475.0,8750.0,30511700,BREN.JK,-0.020000000000000018,8028.75,8028.75,9356.81497542378,6700.68502457622,0,-0.0,0.8112269737307563,False,False,,,,None
439,2025-08-20,8600.0,8600.0,8750.0,8550.0,8600.0,15708700,BREN.JK,0.00291545189504383,8065.0,8065.0,9414.795306119062,6715.204693880938,0,0.0,0.8112269737307563,False,False,,,,None
440,2025-08-21,8425.0,8425.0,8600.0,8250.0,8600.0,23015500,BREN.JK,-0.02034883720930236,8095.0,8095.0,9448.999922257635,6741.000077742365,0,-0.0,0.8112269737307563,False,False,,,,None
441,2025-08-22,8525.0,8525.0,8575.0,8350.0,8425.0,18611300,BREN.JK,0.011869436201780381,8135.0,8135.0,9490.243229286283,6779.756770713717,0,0.0,0.8112269737307563,False,False,,,,None
442,2025-08-25,8925.0,8925.0,9050.0,8525.0,8575.0,27637600,BREN.JK,0.04692082111436946,8198.75,8198.75,9577.67740544007,6819.82259455993,0,0.0,0.8112269737307563,False,False,,,,None
443,2025-08-26,8875.0,8875.0,9100.0,8650.0,8975.0,37895200,BREN.JK,-0.0056022408963585235,8246.25,8246.25,9650.686110855058,6841.813889144942,0,-0.0,0.8112269737307563,False,False,,,,None
444,2025-08-27,9800.0,9800.0,9850.0,8950.0,9000.0,76579700,BREN.JK,0.10422535211267614,8340.0,8340.0,9896.260700660738,6783.739299339262,0,0.0,0.8112269737307563,False,False,,,,None
445,2025-08-28,9300.0,9300.0,9850.0,9175.0,9750.0,50123200,BREN.JK,-0.05102040816326525,8413.75,8413.75,10006.618564307142,6820.881435692859,0,-0.0,0.8112269737307563,False,False,,,,None
446,2025-08-29,9025.0,9025.0,9425.0,8825.0,9000.0,51571200,BREN.JK,-0.029569892473118253,8473.75,8473.75,10063.642002290522,6883.857997709478,0,-0.0,0.8112269737307563,False,False,,,,None
447,2025-09-01,8950.0,8950.0,9125.0,8600.0,8650.0,48145300,BREN.JK,-0.008310249307479256,8531.25,8531.25,10101.60656360016,6960.89343639984,0,-0.0,0.8112269737307563,False,False,,,,None
448,2025-09-02,8825.0,8825.0,9100.0,8825.0,9050.0,27352000,BREN.JK,-0.013966480446927387,8612.5,8612.5,10055.86047946596,7169.139520534039,0,-0.0,0.8112269737307563,False,False,,,,None
449,2025-09-03,8600.0,8600.0,8925.0,8600.0,8875.0,30961700,BREN.JK,-0.025495750708215303,8688.75,8688.75,9938.22094067007,7439.279059329931,0,-0.0,0.8112269737307563,False,False,,,,None
450,2025-09-04,8625.0,8625.0,8725.0,8525.0,8600.0,15343800,BREN.JK,0.0029069767441860517,8758.75,8758.75,9802.941326489447,7714.558673510554,0,0.0,0.8112269737307563,False,False,,,,None
451,2025-09-08,8575.0,8575.0,8950.0,8550.0,8675.0,31595900,BREN.JK,-0.005797101449275366,8825.0,8825.0,9599.426782920931,8050.573217079069,0,-0.0,0.8112269737307563,False,False,,,,None
452,2025-09-09,8325.0,8325.0,8725.0,8250.0,8600.0,24691700,BREN.JK,-0.029154518950437303,8843.75,8843.75,9543.538501883548,8143.961498116452,0,-0.0,0.8112269737307563,False,False,,,,None
453,2025-09-10,8550.0,8550.0,8650.0,8350.0,8525.0,19395400,BREN.JK,0.027027027027026973,8833.75,8833.75,9544.804628147884,8122.695371852116,0,0.0,0.8112269737307563,False,False,,,,None
454,2025-09-11,8550.0,8550.0,8650.0,8400.0,8600.0,15391700,BREN.JK,0.0,8806.25,8806.25,9516.48995203993,8096.01004796007,0,0.0,0.8112269737307563,False,False,,,,None
455,2025-09-12,8650.0,8650.0,8850.0,8600.0,8700.0,16236100,BREN.JK,0.011695906432748648,8783.75,8783.75,9483.237594412396,8084.262405587604,0,0.0,0.8112269737307563,False,False,,,,None
456,2025-09-15,8875.0,8875.0,8950.0,8650.0,8650.0,19471400,BREN.JK,0.026011560693641522,8766.25,8766.25,9436.142960813419,8096.357039186582,0,0.0,0.8112269737307563,False,False,,,,None
457,2025-09-16,8875.0,8875.0,9050.0,8775.0,9000.0,11936400,BREN.JK,0.0,8772.5,8772.5,9444.084928203032,8100.915071796967,0,0.0,0.8112269737307563,False,False,,,,None
458,2025-09-17,8925.0,8925.0,9200.0,8775.0,8875.0,25326200,BREN.JK,0.005633802816901401,8790.0,8790.0,9458.147478204908,8121.852521795092,0,0.0,0.8112269737307563,False,False,,,,None
459,2025-09-18,9075.0,9075.0,9200.0,8900.0,8950.0,42983000,BREN.JK,0.01680672268907557,8813.75,8813.75,9487.208278315426,8140.2917216845735,0,0.0,0.8112269737307563,False,False,,,,None
460,2025-09-19,9050.0,9050.0,9125.0,8800.0,9125.0,38933800,BREN.JK,-0.0027548209366391463,8845.0,8845.0,9500.262101034868,8189.7378989651315,0,-0.0,0.8112269737307563,False,False,,,,None
461,2025-09-22,8925.0,8925.0,9050.0,8775.0,9050.0,30798500,BREN.JK,-0.013812154696132617,8865.0,8865.0,9503.336654290293,8226.663345709707,0,-0.0,0.8112269737307563,False,False,,,,None
462,2025-09-23,9025.0,9025.0,9200.0,8900.0,8925.0,29343200,BREN.JK,0.011204481792717047,8870.0,8870.0,9511.872261435248,8228.127738564752,0,0.0,0.8112269737307563,False,False,,,,None
463,2025-09-24,8875.0,8875.0,9400.0,8875.0,9150.0,57939000,BREN.JK,-0.0166204986149584,8870.0,8870.0,9511.872261435248,8228.127738564752,0,-0.0,0.8112269737307563,False,False,,,,None
464,2025-09-25,8800.0,8800.0,9100.0,8525.0,8850.0,33165700,BREN.JK,-0.008450704225352101,8820.0,8820.0,9289.490205043276,8350.509794956724,0,-0.0,0.8112269737307563,False,False,,,,None
465,2025-09-26,9025.0,9025.0,9300.0,8925.0,9000.0,35396100,BREN.JK,0.02556818181818188,8806.25,8806.25,9230.475300121476,8382.024699878524,0,0.0,0.8112269737307563,False,False,,,,None
