,Date,Adj Close,Close,High,Low,Open,Volume,Ticker,Return,SMA20,LowerBand,Signal,Decision,Strategy Return,Equity Curve,Buy,Sell,Trx Return,Sell Date,Sell Close,Win Loss
30759,2023-03-27,701.2594604492188,740.0,800.0,740.0,800.0,19315600,PGEO.JK,-0.0691823899371069,829.25,812.665,0,,,,False,False,,,,None
30760,2023-03-28,658.6152954101562,695.0,740.0,690.0,700.0,27500000,PGEO.JK,-0.060810810810810856,820.25,803.845,1,Buy,-0.0,1.0,True,False,-0.05755395683453235,2023-04-03,655.0,Loss
30761,2023-03-29,672.8300170898438,710.0,720.0,675.0,695.0,12946300,PGEO.JK,0.021582733812949728,814.25,797.965,1,Buy,0.021582733812949728,1.0215827338129497,False,False,,,,None
30762,2023-03-30,668.091796875,705.0,720.0,695.0,710.0,5913300,PGEO.JK,-0.007042253521126751,809.5,793.31,1,Buy,-0.007042253521126751,1.0143884892086332,False,False,,,,None
30763,2023-03-31,658.6152954101562,695.0,720.0,690.0,715.0,14933900,PGEO.JK,-0.014184397163120588,802.5,786.4499999999999,1,Buy,-0.014184397163120588,1.0,False,False,,,,None
30764,2023-04-03,620.7094116210938,655.0,700.0,655.0,695.0,19558900,PGEO.JK,-0.05755395683453235,791.75,775.915,0,Stop Loss,-0.05755395683453235,0.9424460431654677,False,True,,,,None
30765,2023-04-04,625.4476318359375,660.0,665.0,620.0,620.0,10990000,PGEO.JK,0.007633587786259444,781.0,765.38,0,Stop Loss,0.0,0.9424460431654677,False,False,,,,None
30766,2023-04-05,630.1859130859375,665.0,675.0,650.0,655.0,7587200,PGEO.JK,0.007575757575757569,771.25,755.8249999999999,0,Stop Loss,0.0,0.9424460431654677,False,False,,,,None
30767,2023-04-06,615.97119140625,650.0,670.0,650.0,665.0,8404500,PGEO.JK,-0.022556390977443663,760.75,745.535,0,Stop Loss,-0.0,0.9424460431654677,False,False,,,,None
30768,2023-04-10,582.803466796875,615.0,655.0,610.0,650.0,18448600,PGEO.JK,-0.05384615384615388,748.5,733.53,0,Stop Loss,-0.0,0.9424460431654677,False,False,,,,None
30769,2023-04-11,658.6152954101562,695.0,715.0,595.0,595.0,37952700,PGEO.JK,0.13008130081300817,740.5,725.6899999999999,0,Stop Loss,0.0,0.9424460431654677,False,False,,,,None
30770,2023-04-12,649.1388549804688,685.0,710.0,660.0,700.0,29865300,PGEO.JK,-0.014388489208633115,731.75,717.115,0,Stop Loss,-0.0,0.9424460431654677,False,False,,,,None
30771,2023-04-13,682.3065185546875,720.0,730.0,670.0,685.0,23065000,PGEO.JK,0.051094890510948954,725.75,711.235,0,Stop Loss,0.0,0.9424460431654677,False,False,,,,None
30772,2023-04-14,682.3065185546875,720.0,735.0,705.0,725.0,19684800,PGEO.JK,0.0,720.5,706.09,0,Stop Loss,0.0,0.9424460431654677,False,False,,,,None
30773,2023-04-17,710.7359619140625,750.0,760.0,715.0,730.0,22994600,PGEO.JK,0.04166666666666674,717.5,703.15,0,Reset,0.0,0.9424460431654677,False,False,,,,None
30774,2023-04-18,710.7359619140625,750.0,760.0,735.0,755.0,12663400,PGEO.JK,0.0,715.5,701.1899999999999,0,Reset,0.0,0.9424460431654677,False,False,,,,None
30775,2023-04-26,724.95068359375,765.0,775.0,720.0,750.0,8322100,PGEO.JK,0.020000000000000018,713.5,699.23,0,Reset,0.0,0.9424460431654677,False,False,,,,None
30776,2023-04-27,720.21240234375,760.0,765.0,740.0,765.0,12986300,PGEO.JK,-0.006535947712418277,711.5,697.27,0,Reset,-0.0,0.9424460431654677,False,False,,,,None
30777,2023-04-28,715.4741821289062,755.0,770.0,745.0,760.0,9437800,PGEO.JK,-0.006578947368421018,709.25,695.0649999999999,0,Reset,-0.0,0.9424460431654677,False,False,,,,None
30778,2023-05-02,724.95068359375,765.0,765.0,740.0,755.0,9443900,PGEO.JK,0.013245033112582849,707.75,693.595,0,Reset,0.0,0.9424460431654677,False,False,,,,None
30779,2023-05-03,720.21240234375,760.0,765.0,750.0,765.0,9151700,PGEO.JK,-0.006535947712418277,708.75,694.5749999999999,0,Reset,-0.0,0.9424460431654677,False,False,,,,None
30780,2023-05-04,729.6889038085938,770.0,775.0,755.0,760.0,7527200,PGEO.JK,0.013157894736842035,712.5,698.25,0,Reset,0.0,0.9424460431654677,False,False,,,,None
30781,2023-05-05,710.7359619140625,750.0,775.0,740.0,775.0,4341400,PGEO.JK,-0.025974025974025983,714.5,700.21,0,Reset,-0.0,0.9424460431654677,False,False,,,,None
30782,2023-05-08,729.6889038085938,770.0,785.0,745.0,750.0,8256300,PGEO.JK,0.026666666666666616,717.75,703.395,0,Reset,0.0,0.9424460431654677,False,False,,,,None
30783,2023-05-09,729.6889038085938,770.0,775.0,750.0,770.0,9160000,PGEO.JK,0.0,721.5,707.0699999999999,0,Reset,0.0,0.9424460431654677,False,False,,,,None
30784,2023-05-10,739.1654052734375,780.0,785.0,760.0,770.0,15681500,PGEO.JK,0.01298701298701288,727.75,713.1949999999999,0,Reset,0.0,0.9424460431654677,False,False,,,,None
30785,2023-05-11,739.1654052734375,780.0,785.0,770.0,780.0,3764000,PGEO.JK,0.0,733.75,719.0749999999999,0,Reset,0.0,0.9424460431654677,False,False,,,,None
30786,2023-05-12,743.9036254882812,785.0,790.0,765.0,785.0,54525100,PGEO.JK,0.0064102564102563875,739.75,724.955,0,Reset,0.0,0.9424460431654677,False,False,,,,None
30787,2023-05-15,796.0242309570312,840.0,855.0,780.0,790.0,44699900,PGEO.JK,0.07006369426751591,749.25,734.265,0,Reset,0.0,0.9424460431654677,False,False,,,,None
30788,2023-05-16,796.0242309570312,840.0,850.0,830.0,835.0,17007600,PGEO.JK,0.0,760.5,745.29,0,Reset,0.0,0.9424460431654677,False,False,,,,None
30789,2023-05-17,796.0242309570312,840.0,860.0,830.0,840.0,12053700,PGEO.JK,0.0,767.75,752.395,0,Reset,0.0,0.9424460431654677,False,False,,,,None
30790,2023-05-19,805.5007934570312,850.0,855.0,835.0,840.0,8371300,PGEO.JK,0.011904761904761862,776.0,760.48,0,Reset,0.0,0.9424460431654677,False,False,,,,None
30791,2023-05-22,772.3330688476562,815.0,855.0,795.0,850.0,14387000,PGEO.JK,-0.04117647058823526,780.75,765.135,0,Reset,-0.0,0.9424460431654677,False,False,,,,None
30792,2023-05-23,772.3330688476562,815.0,820.0,800.0,815.0,5468900,PGEO.JK,0.0,785.5,769.79,0,Reset,0.0,0.9424460431654677,False,False,,,,None
30793,2023-05-24,786.5477905273438,830.0,870.0,805.0,815.0,17176100,PGEO.JK,0.018404907975460016,789.5,773.71,0,Reset,0.0,0.9424460431654677,False,False,,,,None
30794,2023-05-25,781.8095092773438,825.0,845.0,810.0,830.0,5667500,PGEO.JK,-0.0060240963855421326,793.25,777.385,0,Reset,-0.0,0.9424460431654677,False,False,,,,None
30795,2023-05-26,796.0242309570312,840.0,845.0,810.0,825.0,3715000,PGEO.JK,0.018181818181818077,797.0,781.06,0,Reset,0.0,0.9424460431654677,False,False,,,,None
30796,2023-05-29,814.9772338867188,860.0,865.0,820.0,840.0,7214500,PGEO.JK,0.023809523809523725,802.0,785.96,0,Reset,0.0,0.9424460431654677,False,False,,,,None
30797,2023-05-30,838.6683959960938,885.0,885.0,850.0,860.0,23644400,PGEO.JK,0.029069767441860517,808.5,792.33,0,Reset,0.0,0.9424460431654677,False,False,,,,None
30798,2023-05-31,862.359619140625,910.0,920.0,880.0,885.0,38856100,PGEO.JK,0.02824858757062154,815.75,799.435,0,Reset,0.0,0.9424460431654677,False,False,,,,None
30799,2023-06-05,862.359619140625,910.0,920.0,900.0,905.0,28913700,PGEO.JK,0.0,823.25,806.785,0,Reset,0.0,0.9424460431654677,False,False,,,,None
30800,2023-06-06,876.5743408203125,925.0,935.0,910.0,915.0,54003400,PGEO.JK,0.016483516483516425,831.0,814.38,0,Reset,0.0,0.9424460431654677,False,False,,,,None
30801,2023-06-07,862.359619140625,910.0,930.0,910.0,925.0,20918600,PGEO.JK,-0.01621621621621616,839.0,822.22,0,Reset,-0.0,0.9424460431654677,False,False,,,,None
30802,2023-06-08,814.9772338867188,860.0,910.0,855.0,910.0,11927200,PGEO.JK,-0.05494505494505497,843.5,826.63,0,Reset,-0.0,0.9424460431654677,False,False,,,,None
30803,2023-06-09,814.9772338867188,860.0,865.0,850.0,865.0,6627500,PGEO.JK,0.0,848.0,831.04,0,Reset,0.0,0.9424460431654677,False,False,,,,None
30804,2023-06-12,810.239013671875,855.0,860.0,830.0,860.0,11086600,PGEO.JK,-0.005813953488372103,851.75,834.715,0,Reset,-0.0,0.9424460431654677,False,False,,,,None
30805,2023-06-13,810.239013671875,855.0,855.0,830.0,855.0,25573900,PGEO.JK,0.0,855.5,838.39,0,Reset,0.0,0.9424460431654677,False,False,,,,None
30806,2023-06-14,811.07666015625,845.0,855.0,840.0,855.0,4401000,PGEO.JK,-0.011695906432748537,858.5,841.33,0,Reset,-0.0,0.9424460431654677,False,False,,,,None
30807,2023-06-15,806.2774047851562,840.0,850.0,825.0,850.0,6929800,PGEO.JK,-0.00591715976331364,858.5,841.33,1,Buy,-0.0,0.9424460431654677,True,False,0.028048989379924505,2023-06-21,865.0,Win
30808,2023-06-16,806.2774047851562,840.0,845.0,830.0,840.0,6558500,PGEO.JK,0.0,858.5,841.33,1,Buy,0.0,0.9424460431654677,False,False,,,,None
30809,2023-06-19,806.2774047851562,840.0,845.0,825.0,835.0,5044000,PGEO.JK,0.0,858.5,841.33,1,Buy,0.0,0.9424460431654677,False,False,,,,None
30810,2023-06-20,811.07666015625,845.0,875.0,830.0,835.0,11887300,PGEO.JK,0.005952380952380931,858.25,841.085,1,Buy,0.005952380952380931,0.9480558410414526,False,False,,,,None
30811,2023-06-21,830.2737426757812,865.0,880.0,845.0,845.0,16932900,PGEO.JK,0.023668639053254337,860.75,843.535,0,Sell,0.023668639053254337,0.9704950325453922,False,True,,,,None
30812,2023-06-22,835.0730590820312,870.0,880.0,860.0,880.0,12149700,PGEO.JK,0.005780346820809301,863.5,846.23,0,Sell,0.0,0.9704950325453922,False,False,,,,None
30813,2023-06-23,844.6715698242188,880.0,890.0,865.0,870.0,11201900,PGEO.JK,0.011494252873563315,866.0,848.68,0,Sell,0.0,0.9704950325453922,False,False,,,,None
30814,2023-06-26,839.872314453125,875.0,885.0,855.0,880.0,13192400,PGEO.JK,-0.005681818181818232,868.5,851.13,0,Sell,-0.0,0.9704950325453922,False,False,,,,None
30815,2023-06-27,839.872314453125,875.0,880.0,845.0,880.0,12794900,PGEO.JK,0.0,870.25,852.845,0,Sell,0.0,0.9704950325453922,False,False,,,,None
30816,2023-07-03,820.6752319335938,855.0,880.0,855.0,875.0,3719800,PGEO.JK,-0.02285714285714291,870.0,852.6,0,Sell,-0.0,0.9704950325453922,False,False,,,,None
30817,2023-07-04,796.6788940429688,830.0,860.0,825.0,855.0,9208700,PGEO.JK,-0.0292397660818714,867.25,849.905,1,Buy,-0.0,0.9704950325453922,True,False,-0.03507813370645996,2023-07-10,800.0,Loss
30818,2023-07-05,801.4781494140625,835.0,850.0,815.0,850.0,4850700,PGEO.JK,0.006024096385542244,863.5,846.23,1,Buy,0.006024096385542244,0.9763413881631355,False,False,,,,None
30819,2023-07-06,791.8795776367188,825.0,840.0,825.0,840.0,1804800,PGEO.JK,-0.0119760479041916,859.25,842.0649999999999,1,Buy,-0.0119760479041916,0.9646486769276489,False,False,,,,None
30820,2023-07-07,782.2810668945312,815.0,835.0,815.0,830.0,4018900,PGEO.JK,-0.012121212121212088,853.75,836.675,1,Buy,-0.012121212121212088,0.9529559656921622,False,False,,,,None
30821,2023-07-10,767.8832397460938,800.0,820.0,795.0,815.0,6049300,PGEO.JK,-0.018404907975460127,848.25,831.285,0,Stop Loss,-0.018404907975460127,0.9354168988389322,False,True,,,,None
30822,2023-07-11,763.083984375,795.0,825.0,785.0,825.0,5259600,PGEO.JK,-0.006249999999999978,845.0,828.1,0,Stop Loss,-0.0,0.9354168988389322,False,False,,,,None
30823,2023-07-12,758.2847290039062,790.0,800.0,785.0,795.0,3637400,PGEO.JK,-0.0062893081761006275,841.5,824.67,0,Stop Loss,-0.0,0.9354168988389322,False,False,,,,None
30824,2023-07-13,743.8869018554688,775.0,805.0,775.0,790.0,6462600,PGEO.JK,-0.01898734177215189,837.5,820.75,0,Stop Loss,-0.0,0.9354168988389322,False,False,,,,None
30825,2023-07-14,758.2847290039062,790.0,800.0,775.0,780.0,4612700,PGEO.JK,0.019354838709677358,834.25,817.5649999999999,0,Stop Loss,0.0,0.9354168988389322,False,False,,,,None
30826,2023-07-17,758.2847290039062,790.0,805.0,780.0,795.0,9673000,PGEO.JK,0.0,831.5,814.87,0,Stop Loss,0.0,0.9354168988389322,False,False,,,,None
30827,2023-07-18,739.087646484375,770.0,800.0,765.0,790.0,8224600,PGEO.JK,-0.025316455696202556,828.0,811.4399999999999,0,Stop Loss,-0.0,0.9354168988389322,False,False,,,,None
30828,2023-07-20,715.09130859375,745.0,770.0,740.0,770.0,12196300,PGEO.JK,-0.03246753246753242,823.25,806.785,0,Stop Loss,-0.0,0.9354168988389322,False,False,,,,None
30829,2023-07-21,734.2883911132812,765.0,770.0,745.0,745.0,5010200,PGEO.JK,0.02684563758389258,819.5,803.11,0,Stop Loss,0.0,0.9354168988389322,False,False,,,,None
30830,2023-07-24,743.8869018554688,775.0,780.0,760.0,765.0,4571300,PGEO.JK,0.013071895424836555,816.0,799.68,0,Stop Loss,0.0,0.9354168988389322,False,False,,,,None
30831,2023-07-25,734.2883911132812,765.0,785.0,755.0,775.0,5243900,PGEO.JK,-0.012903225806451646,811.0,794.78,0,Stop Loss,-0.0,0.9354168988389322,False,False,,,,None
30832,2023-07-26,758.2847290039062,790.0,815.0,765.0,770.0,21278100,PGEO.JK,0.03267973856209161,807.0,790.86,0,Stop Loss,0.0,0.9354168988389322,False,False,,,,None
30833,2023-07-27,758.2847290039062,790.0,805.0,790.0,800.0,9117400,PGEO.JK,0.0,802.5,786.4499999999999,0,Stop Loss,0.0,0.9354168988389322,False,False,,,,None
30834,2023-07-28,772.6824951171875,805.0,815.0,775.0,800.0,11597200,PGEO.JK,0.018987341772152,799.0,783.02,0,Reset,0.0,0.9354168988389322,False,False,,,,None
30835,2023-07-31,815.8759765625,850.0,855.0,795.0,805.0,20100100,PGEO.JK,0.05590062111801242,797.75,781.795,0,Reset,0.0,0.9354168988389322,False,False,,,,None
30836,2023-08-01,801.4781494140625,835.0,860.0,825.0,855.0,11366100,PGEO.JK,-0.01764705882352946,796.75,780.8149999999999,0,Reset,-0.0,0.9354168988389322,False,False,,,,None
30837,2023-08-02,839.872314453125,875.0,880.0,835.0,835.0,13936300,PGEO.JK,0.0479041916167664,799.0,783.02,0,Reset,0.0,0.9354168988389322,False,False,,,,None
30838,2023-08-03,839.872314453125,875.0,880.0,860.0,880.0,6278400,PGEO.JK,0.0,801.0,784.98,0,Reset,0.0,0.9354168988389322,False,False,,,,None
30839,2023-08-04,835.0730590820312,870.0,910.0,870.0,875.0,13730200,PGEO.JK,-0.005714285714285672,803.25,787.185,0,Reset,-0.0,0.9354168988389322,False,False,,,,None
30840,2023-08-07,825.4744873046875,860.0,875.0,845.0,870.0,2947400,PGEO.JK,-0.011494252873563204,805.5,789.39,0,Reset,-0.0,0.9354168988389322,False,False,,,,None
30841,2023-08-08,849.4708251953125,885.0,900.0,855.0,860.0,18335800,PGEO.JK,0.029069767441860517,809.75,793.555,0,Reset,0.0,0.9354168988389322,False,False,,,,None
30842,2023-08-09,873.4672241210938,910.0,910.0,885.0,885.0,23226300,PGEO.JK,0.02824858757062154,815.5,799.1899999999999,0,Reset,0.0,0.9354168988389322,False,False,,,,None
30843,2023-08-10,873.4672241210938,910.0,915.0,895.0,915.0,13167200,PGEO.JK,0.0,821.5,805.0699999999999,0,Reset,0.0,0.9354168988389322,False,False,,,,None
30844,2023-08-11,907.0620727539062,945.0,1045.0,900.0,915.0,101171900,PGEO.JK,0.03846153846153855,830.0,813.4,0,Reset,0.0,0.9354168988389322,False,False,,,,None
30845,2023-08-14,887.864990234375,925.0,955.0,880.0,945.0,73517400,PGEO.JK,-0.021164021164021163,836.75,820.015,0,Reset,-0.0,0.9354168988389322,False,False,,,,None
30846,2023-08-15,959.8540649414062,1000.0,1005.0,920.0,925.0,113436900,PGEO.JK,0.08108108108108114,847.25,830.305,0,Reset,0.0,0.9354168988389322,False,False,,,,None
30847,2023-08-16,931.0584716796876,970.0,1015.0,965.0,1005.0,61258700,PGEO.JK,-0.030000000000000027,857.25,840.105,0,Reset,-0.0,0.9354168988389322,False,False,,,,None
30848,2023-08-18,931.0584716796876,970.0,985.0,950.0,970.0,17338300,PGEO.JK,0.0,868.5,851.13,0,Reset,0.0,0.9354168988389322,False,False,,,,None
30849,2023-08-21,1027.0438232421875,1070.0,1145.0,985.0,985.0,209332700,PGEO.JK,0.10309278350515472,883.75,866.0749999999999,0,Reset,0.0,0.9354168988389322,False,False,,,,None
30850,2023-08-22,1007.8467407226562,1050.0,1075.0,995.0,1075.0,190430300,PGEO.JK,-0.01869158878504673,897.5,879.55,0,Reset,-0.0,0.9354168988389322,False,False,,,,None
30851,2023-08-23,1003.0474853515624,1045.0,1090.0,1025.0,1090.0,103392400,PGEO.JK,-0.004761904761904745,911.5,893.27,0,Reset,-0.0,0.9354168988389322,False,False,,,,None
30852,2023-08-24,1017.4453125,1060.0,1085.0,1045.0,1045.0,74121900,PGEO.JK,0.014354066985645897,925.0,906.5,0,Reset,0.0,0.9354168988389322,False,False,,,,None
30853,2023-08-25,1022.2445678710938,1065.0,1120.0,970.0,1035.0,192123500,PGEO.JK,0.004716981132075526,938.75,919.975,0,Reset,0.0,0.9354168988389322,False,False,,,,None
30854,2023-08-28,1118.22998046875,1165.0,1195.0,1065.0,1080.0,150689800,PGEO.JK,0.0938967136150235,956.75,937.615,0,Reset,0.0,0.9354168988389322,False,False,,,,None
30855,2023-08-29,1243.010986328125,1295.0,1300.0,1165.0,1175.0,135401600,PGEO.JK,0.11158798283261806,979.0,959.42,0,Reset,0.0,0.9354168988389322,False,False,,,,None
30856,2023-08-30,1343.795654296875,1400.0,1415.0,1295.0,1310.0,197393600,PGEO.JK,0.08108108108108114,1007.25,987.105,0,Reset,0.0,0.9354168988389322,False,False,,,,None
30857,2023-08-31,1324.5986328125,1380.0,1425.0,1340.0,1415.0,115311700,PGEO.JK,-0.014285714285714235,1032.5,1011.85,0,Reset,-0.0,0.9354168988389322,False,False,,,,None
30858,2023-09-01,1353.394287109375,1410.0,1435.0,1375.0,1405.0,163062800,PGEO.JK,0.021739130434782705,1059.25,1038.065,0,Reset,0.0,0.9354168988389322,False,False,,,,None
30859,2023-09-04,1319.79931640625,1375.0,1455.0,1375.0,1420.0,116017900,PGEO.JK,-0.024822695035460973,1084.5,1062.81,0,Reset,-0.0,0.9354168988389322,False,False,,,,None
30860,2023-09-05,1238.2117919921875,1290.0,1380.0,1260.0,1375.0,140938700,PGEO.JK,-0.06181818181818177,1106.0,1083.8799999999999,0,Reset,-0.0,0.9354168988389322,False,False,,,,None
30861,2023-09-06,1233.4124755859375,1285.0,1350.0,1280.0,1290.0,98192200,PGEO.JK,-0.003875968992248069,1126.0,1103.48,0,Reset,-0.0,0.9354168988389322,False,False,,,,None
30862,2023-09-07,1161.4234619140625,1210.0,1315.0,1210.0,1315.0,84413200,PGEO.JK,-0.05836575875486383,1141.0,1118.18,0,Reset,-0.0,0.9354168988389322,False,False,,,,None
30863,2023-09-08,1214.2154541015625,1265.0,1265.0,1150.0,1200.0,208467900,PGEO.JK,0.045454545454545414,1158.75,1135.575,0,Reset,0.0,0.9354168988389322,False,False,,,,None
30864,2023-09-11,1123.029296875,1170.0,1270.0,1165.0,1265.0,152085500,PGEO.JK,-0.07509881422924902,1170.0,1146.6,0,Reset,-0.0,0.9354168988389322,False,False,,,,None
30865,2023-09-12,1132.6278076171875,1180.0,1220.0,1155.0,1170.0,116342300,PGEO.JK,0.008547008547008517,1182.75,1159.095,0,Reset,0.0,0.9354168988389322,False,False,,,,None
30866,2023-09-13,1156.6241455078125,1205.0,1220.0,1155.0,1185.0,99544100,PGEO.JK,0.021186440677966045,1193.0,1169.1399999999999,0,Reset,0.0,0.9354168988389322,False,False,,,,None
30867,2023-09-14,1180.6204833984375,1230.0,1260.0,1190.0,1230.0,205357700,PGEO.JK,0.020746887966804906,1206.0,1181.8799999999999,0,Reset,0.0,0.9354168988389322,False,False,,,,None
30868,2023-09-15,1358.1934814453125,1415.0,1470.0,1240.0,1250.0,406453000,PGEO.JK,0.15040650406504064,1228.25,1203.685,0,Reset,0.0,0.9354168988389322,False,False,,,,None
30869,2023-09-18,1473.3759765625,1535.0,1645.0,1415.0,1420.0,477964800,PGEO.JK,0.08480565371024729,1251.5,1226.47,0,Reset,0.0,0.9354168988389322,False,False,,,,None
30870,2023-09-19,1482.9744873046875,1545.0,1570.0,1485.0,1560.0,185637700,PGEO.JK,0.006514657980456029,1276.25,1250.725,0,Reset,0.0,0.9354168988389322,False,False,,,,None
30871,2023-09-20,1444.580322265625,1505.0,1570.0,1485.0,1570.0,119919000,PGEO.JK,-0.02588996763754048,1299.25,1273.2649999999999,0,Reset,-0.0,0.9354168988389322,False,False,,,,None
30872,2023-09-21,1506.9708251953125,1570.0,1595.0,1495.0,1505.0,188794700,PGEO.JK,0.04318936877076407,1324.75,1298.2549999999999,0,Reset,0.0,0.9354168988389322,False,False,,,,None
30873,2023-09-22,1511.7701416015625,1575.0,1615.0,1555.0,1570.0,94903000,PGEO.JK,0.0031847133757962887,1350.25,1323.245,0,Reset,0.0,0.9354168988389322,False,False,,,,None
30874,2023-09-25,1540.5657958984375,1605.0,1640.0,1575.0,1590.0,181603300,PGEO.JK,0.01904761904761898,1372.25,1344.805,0,Reset,0.0,0.9354168988389322,False,False,,,,None
30875,2023-09-26,1425.38330078125,1485.0,1625.0,1460.0,1615.0,228640200,PGEO.JK,-0.07476635514018692,1381.75,1354.115,0,Reset,-0.0,0.9354168988389322,False,False,,,,None
30876,2023-09-27,1430.1826171875,1490.0,1540.0,1455.0,1485.0,123873100,PGEO.JK,0.0033670033670034627,1386.25,1358.5249999999999,0,Reset,0.0,0.9354168988389322,False,False,,,,None
30877,2023-09-29,1386.9891357421875,1445.0,1515.0,1420.0,1495.0,108147800,PGEO.JK,-0.030201342281879207,1389.5,1361.71,0,Reset,-0.0,0.9354168988389322,False,False,,,,None
30878,2023-10-02,1439.7811279296875,1500.0,1505.0,1430.0,1445.0,97399100,PGEO.JK,0.03806228373702414,1394.0,1366.12,0,Reset,0.0,0.9354168988389322,False,False,,,,None
30879,2023-10-03,1506.9708251953125,1570.0,1580.0,1480.0,1505.0,133494800,PGEO.JK,0.046666666666666634,1403.75,1375.675,0,Reset,0.0,0.9354168988389322,False,False,,,,None
30880,2023-10-04,1511.7701416015625,1575.0,1590.0,1510.0,1575.0,111050600,PGEO.JK,0.0031847133757962887,1418.0,1389.6399999999999,0,Reset,0.0,0.9354168988389322,False,False,,,,None
30881,2023-10-05,1516.5694580078125,1580.0,1620.0,1535.0,1585.0,132508000,PGEO.JK,0.0031746031746031633,1432.75,1404.095,0,Reset,0.0,0.9354168988389322,False,False,,,,None
30882,2023-10-06,1535.7664794921875,1600.0,1620.0,1560.0,1585.0,79291500,PGEO.JK,0.012658227848101333,1452.25,1423.205,0,Reset,0.0,0.9354168988389322,False,False,,,,None
30883,2023-10-09,1458.9781494140625,1520.0,1680.0,1520.0,1625.0,276063500,PGEO.JK,-0.050000000000000044,1465.0,1435.7,0,Reset,-0.0,0.9354168988389322,False,False,,,,None
30884,2023-10-10,1415.7847900390625,1475.0,1550.0,1465.0,1525.0,123490800,PGEO.JK,-0.02960526315789469,1480.25,1450.645,0,Reset,-0.0,0.9354168988389322,False,False,,,,None
30885,2023-10-11,1358.1934814453125,1415.0,1495.0,1400.0,1480.0,190691200,PGEO.JK,-0.04067796610169494,1492.0,1462.16,1,Buy,-0.0,0.9354168988389322,True,False,-0.0628018412648047,2023-10-12,1320.0,Loss
30886,2023-10-12,1267.00732421875,1320.0,1455.0,1310.0,1415.0,189317300,PGEO.JK,-0.06713780918727918,1497.75,1467.795,0,Stop Loss,-0.06713780918727918,0.8726150575741275,False,True,,,,None
30887,2023-10-13,1257.4088134765625,1310.0,1365.0,1310.0,1320.0,114566400,PGEO.JK,-0.007575757575757569,1501.75,1471.715,0,Stop Loss,-0.0,0.8726150575741275,False,False,,,,None
30888,2023-10-16,1243.010986328125,1295.0,1350.0,1245.0,1315.0,108048400,PGEO.JK,-0.011450381679389277,1495.75,1465.835,0,Stop Loss,-0.0,0.8726150575741275,False,False,,,,None
30889,2023-10-17,1343.795654296875,1400.0,1400.0,1295.0,1300.0,161534600,PGEO.JK,0.08108108108108114,1489.0,1459.22,0,Stop Loss,0.0,0.8726150575741275,False,False,,,,None
30890,2023-10-18,1396.587646484375,1455.0,1480.0,1390.0,1415.0,161680500,PGEO.JK,0.03928571428571437,1484.5,1454.81,0,Stop Loss,0.0,0.8726150575741275,False,False,,,,None
30891,2023-10-19,1324.5986328125,1380.0,1455.0,1380.0,1455.0,86302900,PGEO.JK,-0.05154639175257736,1478.25,1448.685,0,Stop Loss,-0.0,0.8726150575741275,False,False,,,,None
30892,2023-10-20,1295.802978515625,1350.0,1395.0,1315.0,1380.0,64647500,PGEO.JK,-0.021739130434782594,1467.25,1437.905,0,Stop Loss,-0.0,0.8726150575741275,False,False,,,,None
30893,2023-10-23,1271.806640625,1325.0,1375.0,1295.0,1350.0,48153300,PGEO.JK,-0.01851851851851849,1454.75,1425.655,0,Stop Loss,-0.0,0.8726150575741275,False,False,,,,None
30894,2023-10-24,1300.602294921875,1355.0,1370.0,1320.0,1330.0,37347100,PGEO.JK,0.02264150943396226,1442.25,1413.405,0,Stop Loss,0.0,0.8726150575741275,False,False,,,,None
30895,2023-10-25,1276.60595703125,1330.0,1370.0,1330.0,1365.0,28811200,PGEO.JK,-0.01845018450184499,1434.5,1405.81,0,Stop Loss,-0.0,0.8726150575741275,False,False,,,,None
30896,2023-10-26,1262.2081298828125,1315.0,1355.0,1310.0,1335.0,29253200,PGEO.JK,-0.011278195488721776,1425.75,1397.235,0,Stop Loss,-0.0,0.8726150575741275,False,False,,,,None
30897,2023-10-27,1300.602294921875,1355.0,1365.0,1310.0,1315.0,34979900,PGEO.JK,0.03041825095057038,1421.25,1392.825,0,Stop Loss,0.0,0.8726150575741275,False,False,,,,None
30898,2023-10-30,1348.594970703125,1405.0,1435.0,1360.0,1370.0,103047700,PGEO.JK,0.03690036900368998,1416.5,1388.17,0,Stop Loss,0.0,0.8726150575741275,False,False,,,,None
30899,2023-10-31,1358.1934814453125,1415.0,1435.0,1400.0,1420.0,58681700,PGEO.JK,0.007117437722419906,1408.75,1380.575,0,Reset,0.0,0.8726150575741275,False,False,,,,None
30900,2023-11-01,1338.9964599609375,1395.0,1455.0,1395.0,1420.0,65822500,PGEO.JK,-0.014134275618374548,1399.75,1371.7549999999999,0,Reset,-0.0,0.8726150575741275,False,False,,,,None
30901,2023-11-02,1338.9964599609375,1395.0,1435.0,1395.0,1420.0,63556400,PGEO.JK,0.0,1390.5,1362.69,0,Reset,0.0,0.8726150575741275,False,False,,,,None
30902,2023-11-03,1334.1971435546875,1390.0,1415.0,1390.0,1410.0,25453800,PGEO.JK,-0.0035842293906810374,1380.0,1352.3999999999999,0,Reset,-0.0,0.8726150575741275,False,False,,,,None
30903,2023-11-06,1353.394287109375,1410.0,1435.0,1395.0,1400.0,51616300,PGEO.JK,0.014388489208633004,1374.5,1347.01,0,Reset,0.0,0.8726150575741275,False,False,,,,None
30904,2023-11-07,1310.2008056640625,1365.0,1430.0,1355.0,1415.0,63312500,PGEO.JK,-0.03191489361702127,1369.0,1341.62,0,Reset,-0.0,0.8726150575741275,False,False,,,,None
30905,2023-11-08,1247.810302734375,1300.0,1375.0,1295.0,1350.0,60723300,PGEO.JK,-0.04761904761904767,1363.25,1335.985,1,Buy,-0.0,0.8726150575741275,True,False,-0.03020590583910443,2023-11-09,1255.0,Loss
30906,2023-11-09,1204.6168212890625,1255.0,1330.0,1255.0,1300.0,63823200,PGEO.JK,-0.0346153846153846,1360.0,1332.8,0,Stop Loss,-0.0346153846153846,0.8424091517350231,False,True,,,,None
30907,2023-11-10,1171.02197265625,1220.0,1310.0,1220.0,1255.0,67552600,PGEO.JK,-0.027888446215139417,1355.5,1328.3899999999999,0,Stop Loss,-0.0,0.8424091517350231,False,False,,,,None
30908,2023-11-13,1180.6204833984375,1230.0,1265.0,1195.0,1225.0,54732200,PGEO.JK,0.008196721311475308,1352.25,1325.205,0,Stop Loss,0.0,0.8424091517350231,False,False,,,,None
30909,2023-11-14,1204.6168212890625,1255.0,1290.0,1235.0,1235.0,45983100,PGEO.JK,0.020325203252032464,1345.0,1318.1,0,Stop Loss,0.0,0.8424091517350231,False,False,,,,None
30910,2023-11-15,1204.6168212890625,1255.0,1280.0,1245.0,1260.0,40986600,PGEO.JK,0.0,1335.0,1308.3,0,Stop Loss,0.0,0.8424091517350231,False,False,,,,None
30911,2023-11-16,1199.817626953125,1250.0,1265.0,1230.0,1265.0,28883600,PGEO.JK,-0.003984063745019917,1328.5,1301.93,0,Stop Loss,-0.0,0.8424091517350231,False,False,,,,None
30912,2023-11-17,1171.02197265625,1220.0,1270.0,1220.0,1250.0,39880500,PGEO.JK,-0.02400000000000002,1322.0,1295.56,0,Stop Loss,-0.0,0.8424091517350231,False,False,,,,None
30913,2023-11-20,1195.018310546875,1245.0,1265.0,1200.0,1220.0,49619100,PGEO.JK,0.020491803278688492,1318.0,1291.6399999999999,0,Stop Loss,0.0,0.8424091517350231,False,False,,,,None
30914,2023-11-21,1190.218994140625,1240.0,1265.0,1225.0,1250.0,32963100,PGEO.JK,-0.004016064257028162,1312.25,1286.0049999999999,0,Stop Loss,-0.0,0.8424091517350231,False,False,,,,None
30915,2023-11-22,1060.6387939453125,1105.0,1240.0,1100.0,1240.0,114199400,PGEO.JK,-0.1088709677419355,1301.0,1274.98,0,Stop Loss,-0.0,0.8424091517350231,False,False,,,,None
30916,2023-11-23,1051.0401611328125,1095.0,1125.0,1075.0,1110.0,59648000,PGEO.JK,-0.009049773755656076,1290.0,1264.2,0,Stop Loss,-0.0,0.8424091517350231,False,False,,,,None
30917,2023-11-24,1007.8467407226562,1050.0,1100.0,1035.0,1095.0,59396300,PGEO.JK,-0.04109589041095896,1274.75,1249.2549999999999,0,Stop Loss,-0.0,0.8424091517350231,False,False,,,,None
30918,2023-11-27,969.45263671875,1010.0,1080.0,1000.0,1080.0,98123600,PGEO.JK,-0.03809523809523807,1255.0,1229.9,0,Stop Loss,-0.0,0.8424091517350231,False,False,,,,None
30919,2023-11-28,974.2518920898438,1015.0,1055.0,1000.0,1025.0,124160000,PGEO.JK,0.004950495049504955,1235.0,1210.3,0,Stop Loss,0.0,0.8424091517350231,False,False,,,,None
30920,2023-11-29,959.8540649414062,1000.0,1030.0,1000.0,1020.0,43482800,PGEO.JK,-0.014778325123152691,1215.25,1190.945,0,Stop Loss,-0.0,0.8424091517350231,False,False,,,,None
30921,2023-11-30,1012.6460571289062,1055.0,1070.0,1000.0,1005.0,110952300,PGEO.JK,0.05499999999999994,1198.25,1174.285,0,Stop Loss,0.0,0.8424091517350231,False,False,,,,None
30922,2023-12-01,998.2482299804688,1040.0,1065.0,1025.0,1055.0,59256200,PGEO.JK,-0.014218009478673022,1180.75,1157.135,0,Stop Loss,-0.0,0.8424091517350231,False,False,,,,None
30923,2023-12-04,969.45263671875,1010.0,1050.0,990.0,1040.0,75313400,PGEO.JK,-0.028846153846153855,1160.75,1137.535,0,Stop Loss,-0.0,0.8424091517350231,False,False,,,,None
30924,2023-12-05,983.8504028320312,1025.0,1035.0,995.0,1010.0,61637500,PGEO.JK,0.014851485148514865,1143.75,1120.875,0,Stop Loss,0.0,0.8424091517350231,False,False,,,,None
30925,2023-12-06,1055.8394775390625,1100.0,1160.0,1020.0,1030.0,402296900,PGEO.JK,0.07317073170731714,1133.75,1111.075,0,Stop Loss,0.0,0.8424091517350231,False,False,,,,None
30926,2023-12-07,1046.240966796875,1090.0,1140.0,1070.0,1130.0,135832400,PGEO.JK,-0.009090909090909038,1125.5,1102.99,0,Stop Loss,-0.0,0.8424091517350231,False,False,,,,None
30927,2023-12-08,1123.029296875,1170.0,1240.0,1090.0,1100.0,426711900,PGEO.JK,0.07339449541284404,1123.0,1100.54,0,Reset,0.0,0.8424091517350231,False,False,,,,None
30928,2023-12-11,1070.2373046875,1115.0,1210.0,1105.0,1170.0,160530500,PGEO.JK,-0.047008547008547064,1117.25,1094.905,0,Reset,-0.0,0.8424091517350231,False,False,,,,None
30929,2023-12-12,1031.8431396484375,1075.0,1140.0,1030.0,1120.0,190367100,PGEO.JK,-0.0358744394618834,1108.25,1086.085,1,Buy,-0.0,0.8424091517350231,True,False,0.1175454630327939,2023-12-13,1225.0,Win
30930,2023-12-13,1175.8212890625,1225.0,1275.0,1080.0,1080.0,696448900,PGEO.JK,0.13953488372093026,1106.75,1084.615,0,Sell,0.13953488372093026,0.959954614767817,False,True,,,,None
30931,2023-12-14,1195.018310546875,1245.0,1275.0,1195.0,1240.0,362457600,PGEO.JK,0.01632653061224487,1106.5,1084.37,0,Sell,0.0,0.959954614767817,False,False,,,,None
30932,2023-12-15,1252.6094970703125,1305.0,1325.0,1235.0,1250.0,193923200,PGEO.JK,0.04819277108433728,1110.75,1088.535,0,Sell,0.0,0.959954614767817,False,False,,,,None
30933,2023-12-18,1151.8248291015625,1200.0,1345.0,1175.0,1310.0,221895700,PGEO.JK,-0.08045977011494254,1108.5,1086.33,0,Sell,-0.0,0.959954614767817,False,False,,,,None
30934,2023-12-19,1180.6204833984375,1230.0,1255.0,1190.0,1190.0,115774600,PGEO.JK,0.02499999999999991,1108.0,1085.84,0,Sell,0.0,0.959954614767817,False,False,,,,None
30935,2023-12-20,1175.8212890625,1225.0,1265.0,1210.0,1260.0,90607100,PGEO.JK,-0.004065040650406471,1114.0,1091.72,0,Sell,-0.0,0.959954614767817,False,False,,,,None
30936,2023-12-21,1175.8212890625,1225.0,1235.0,1190.0,1220.0,51616700,PGEO.JK,0.0,1120.5,1098.09,0,Sell,0.0,0.959954614767817,False,False,,,,None
30937,2023-12-22,1142.226318359375,1190.0,1235.0,1190.0,1225.0,27128500,PGEO.JK,-0.02857142857142858,1127.5,1104.95,0,Sell,-0.0,0.959954614767817,False,False,,,,None
30938,2023-12-27,1147.025634765625,1195.0,1230.0,1190.0,1190.0,38373200,PGEO.JK,0.004201680672268893,1136.75,1114.0149999999999,0,Sell,0.0,0.959954614767817,False,False,,,,None
30939,2023-12-28,1137.4271240234375,1185.0,1215.0,1180.0,1215.0,29330300,PGEO.JK,-0.008368200836820106,1145.25,1122.345,0,Sell,-0.0,0.959954614767817,False,False,,,,None
30940,2023-12-29,1123.029296875,1170.0,1195.0,1160.0,1185.0,26568800,PGEO.JK,-0.012658227848101222,1153.75,1130.675,0,Sell,-0.0,0.959954614767817,False,False,,,,None
30941,2024-01-02,1214.2154541015625,1265.0,1265.0,1170.0,1170.0,95095400,PGEO.JK,0.08119658119658113,1164.25,1140.965,0,Sell,0.0,0.959954614767817,False,False,,,,None
30942,2024-01-03,1228.6131591796875,1280.0,1300.0,1255.0,1265.0,93216000,PGEO.JK,0.011857707509881354,1176.25,1152.725,0,Sell,0.0,0.959954614767817,False,False,,,,None
30943,2024-01-04,1233.4124755859375,1285.0,1310.0,1270.0,1285.0,56403100,PGEO.JK,0.00390625,1190.0,1166.2,0,Sell,0.0,0.959954614767817,False,False,,,,None
30944,2024-01-05,1228.6131591796875,1280.0,1300.0,1275.0,1295.0,52058100,PGEO.JK,-0.0038910505836575737,1202.75,1178.695,0,Sell,-0.0,0.959954614767817,False,False,,,,None
30945,2024-01-08,1180.6204833984375,1230.0,1310.0,1215.0,1280.0,114174100,PGEO.JK,-0.0390625,1209.25,1185.065,0,Sell,-0.0,0.959954614767817,False,False,,,,None
30946,2024-01-09,1127.8284912109375,1175.0,1240.0,1165.0,1230.0,98033700,PGEO.JK,-0.04471544715447151,1213.5,1189.23,1,Buy,-0.0,0.959954614767817,True,False,0.05718878556063578,2024-01-16,1245.0,Win
30947,2024-01-10,1151.8248291015625,1200.0,1230.0,1175.0,1180.0,69353600,PGEO.JK,0.02127659574468077,1215.0,1190.7,1,Buy,0.02127659574468077,0.9803791810394725,False,False,,,,None
30948,2024-01-11,1156.6241455078125,1205.0,1220.0,1190.0,1200.0,38142100,PGEO.JK,0.004166666666666652,1219.5,1195.11,1,Buy,0.004166666666666652,0.9844640942938037,False,False,,,,None
30949,2024-01-12,1156.6241455078125,1205.0,1220.0,1200.0,1215.0,24868100,PGEO.JK,0.0,1226.0,1201.48,1,Buy,0.0,0.9844640942938037,False,False,,,,None
30950,2024-01-15,1156.6241455078125,1205.0,1205.0,1205.0,1205.0,0,PGEO.JK,0.0,1225.0,1200.5,1,Buy,0.0,0.9844640942938037,False,False,,,,None
30951,2024-01-16,1195.018310546875,1245.0,1245.0,1215.0,1235.0,43644100,PGEO.JK,0.03319502074688807,1225.0,1200.5,0,Sell,0.03319502074688807,1.0171434003284527,False,True,,,,None
30952,2024-01-17,1209.4161376953125,1260.0,1265.0,1230.0,1245.0,48343100,PGEO.JK,0.012048192771084265,1222.75,1198.295,0,Sell,0.0,1.0171434003284527,False,False,,,,None
30953,2024-01-18,1199.817626953125,1250.0,1290.0,1245.0,1260.0,49529500,PGEO.JK,-0.007936507936507908,1225.25,1200.745,0,Sell,-0.0,1.0171434003284527,False,False,,,,None
30954,2024-01-19,1190.218994140625,1240.0,1270.0,1235.0,1270.0,43921000,PGEO.JK,-0.008000000000000007,1225.75,1201.235,0,Sell,-0.0,1.0171434003284527,False,False,,,,None
30955,2024-01-22,1190.218994140625,1240.0,1280.0,1240.0,1260.0,44516700,PGEO.JK,0.0,1226.5,1201.97,0,Sell,0.0,1.0171434003284527,False,False,,,,None
30956,2024-01-23,1195.018310546875,1245.0,1265.0,1235.0,1250.0,39034100,PGEO.JK,0.0040322580645162365,1227.5,1202.95,0,Sell,0.0,1.0171434003284527,False,False,,,,None
30957,2024-01-24,1190.218994140625,1240.0,1260.0,1205.0,1245.0,49796900,PGEO.JK,-0.004016064257028162,1230.0,1205.4,0,Sell,-0.0,1.0171434003284527,False,False,,,,None
30958,2024-01-25,1204.6168212890625,1255.0,1275.0,1210.0,1210.0,52763100,PGEO.JK,0.012096774193548487,1233.0,1208.34,0,Sell,0.0,1.0171434003284527,False,False,,,,None
30959,2024-01-26,1267.00732421875,1320.0,1500.0,1275.0,1285.0,149450600,PGEO.JK,0.05179282868525892,1239.75,1214.955,0,Sell,0.0,1.0171434003284527,False,False,,,,None
30960,2024-01-29,1262.2081298828125,1315.0,1340.0,1300.0,1320.0,46225000,PGEO.JK,-0.0037878787878787845,1247.0,1222.06,0,Sell,-0.0,1.0171434003284527,False,False,,,,None
30961,2024-01-30,1262.2081298828125,1315.0,1340.0,1300.0,1320.0,35770700,PGEO.JK,0.0,1249.5,1224.51,0,Sell,0.0,1.0171434003284527,False,False,,,,None
30962,2024-01-31,1257.4088134765625,1310.0,1340.0,1295.0,1315.0,72710300,PGEO.JK,-0.0038022813688213253,1251.0,1225.98,0,Sell,-0.0,1.0171434003284527,False,False,,,,None
30963,2024-02-01,1262.2081298828125,1315.0,1325.0,1290.0,1305.0,34328200,PGEO.JK,0.003816793893129722,1252.5,1227.45,0,Sell,0.0,1.0171434003284527,False,False,,,,None
30964,2024-02-02,1233.4124755859375,1285.0,1320.0,1285.0,1315.0,25152200,PGEO.JK,-0.02281368821292773,1252.75,1227.695,0,Sell,-0.0,1.0171434003284527,False,False,,,,None
30965,2024-02-05,1171.02197265625,1220.0,1285.0,1215.0,1285.0,68170200,PGEO.JK,-0.05058365758754868,1252.25,1227.205,1,Buy,-0.0,1.0171434003284527,True,False,-0.033348963945195154,2024-02-07,1180.0,Loss
30966,2024-02-06,1171.02197265625,1220.0,1240.0,1205.0,1230.0,29326000,PGEO.JK,0.0,1254.5,1229.41,1,Buy,0.0,1.0171434003284527,False,False,,,,None
30967,2024-02-07,1132.6278076171875,1180.0,1230.0,1175.0,1225.0,58134600,PGEO.JK,-0.032786885245901676,1253.5,1228.43,0,Stop Loss,-0.032786885245901676,0.9837944363832576,False,True,,,,None
30968,2024-02-12,1166.22265625,1215.0,1230.0,1160.0,1180.0,36533900,PGEO.JK,0.029661016949152463,1254.0,1228.92,0,Stop Loss,0.0,0.9837944363832576,False,False,,,,None
30969,2024-02-13,1161.4234619140625,1210.0,1230.0,1200.0,1230.0,25916900,PGEO.JK,-0.004115226337448541,1254.25,1229.165,0,Stop Loss,-0.0,0.9837944363832576,False,False,,,,None
30970,2024-02-15,1185.4197998046875,1235.0,1235.0,1215.0,1220.0,23134900,PGEO.JK,0.02066115702479343,1255.75,1230.635,0,Stop Loss,0.0,0.9837944363832576,False,False,,,,None
30971,2024-02-16,1156.6241455078125,1205.0,1240.0,1205.0,1240.0,19513200,PGEO.JK,-0.02429149797570851,1253.75,1228.675,0,Stop Loss,-0.0,0.9837944363832576,False,False,,,,None
30972,2024-02-19,1161.4234619140625,1210.0,1230.0,1190.0,1200.0,16018700,PGEO.JK,0.004149377593360981,1251.25,1226.225,0,Stop Loss,0.0,0.9837944363832576,False,False,,,,None
30973,2024-02-20,1147.025634765625,1195.0,1215.0,1185.0,1210.0,19140000,PGEO.JK,-0.012396694214875992,1248.5,1223.53,0,Stop Loss,-0.0,0.9837944363832576,False,False,,,,None
30974,2024-02-21,1132.6278076171875,1180.0,1195.0,1175.0,1195.0,23225900,PGEO.JK,-0.012552301255230103,1245.5,1220.59,0,Stop Loss,-0.0,0.9837944363832576,False,False,,,,None
30975,2024-02-22,1156.6241455078125,1205.0,1215.0,1180.0,1180.0,19696900,PGEO.JK,0.021186440677966045,1243.75,1218.875,0,Stop Loss,0.0,0.9837944363832576,False,False,,,,None
30976,2024-02-23,1175.8212890625,1225.0,1235.0,1200.0,1220.0,24846100,PGEO.JK,0.016597510373443924,1242.75,1217.895,0,Stop Loss,0.0,0.9837944363832576,False,False,,,,None
30977,2024-02-26,1180.6204833984375,1230.0,1245.0,1225.0,1230.0,21163900,PGEO.JK,0.004081632653061273,1242.25,1217.405,0,Stop Loss,0.0,0.9837944363832576,False,False,,,,None
30978,2024-02-27,1171.02197265625,1220.0,1240.0,1215.0,1230.0,11695800,PGEO.JK,-0.008130081300813052,1240.5,1215.69,0,Stop Loss,-0.0,0.9837944363832576,False,False,,,,None
30979,2024-02-28,1180.6204833984375,1230.0,1230.0,1215.0,1220.0,6991300,PGEO.JK,0.008196721311475308,1236.0,1211.28,0,Stop Loss,0.0,0.9837944363832576,False,False,,,,None
30980,2024-02-29,1161.4234619140625,1210.0,1240.0,1210.0,1235.0,15016900,PGEO.JK,-0.016260162601625994,1230.75,1206.135,0,Stop Loss,-0.0,0.9837944363832576,False,False,,,,None
30981,2024-03-01,1171.02197265625,1220.0,1230.0,1205.0,1210.0,13116200,PGEO.JK,0.008264462809917328,1226.0,1201.48,0,Stop Loss,0.0,0.9837944363832576,False,False,,,,None
30982,2024-03-04,1161.4234619140625,1210.0,1235.0,1205.0,1220.0,14098400,PGEO.JK,-0.008196721311475419,1221.0,1196.58,0,Stop Loss,-0.0,0.9837944363832576,False,False,,,,None
30983,2024-03-05,1147.025634765625,1195.0,1215.0,1185.0,1215.0,20110900,PGEO.JK,-0.012396694214875992,1215.0,1190.7,0,Stop Loss,-0.0,0.9837944363832576,False,False,,,,None
30984,2024-03-06,1147.025634765625,1195.0,1205.0,1180.0,1195.0,22399500,PGEO.JK,0.0,1210.5,1186.29,0,Stop Loss,0.0,0.9837944363832576,False,False,,,,None
30985,2024-03-07,1151.8248291015625,1200.0,1210.0,1175.0,1190.0,26511800,PGEO.JK,0.004184100418409997,1209.5,1185.31,0,Stop Loss,0.0,0.9837944363832576,False,False,,,,None
30986,2024-03-08,1137.4271240234375,1185.0,1205.0,1185.0,1200.0,8866400,PGEO.JK,-0.012499999999999956,1207.75,1183.595,0,Stop Loss,-0.0,0.9837944363832576,False,False,,,,None
30987,2024-03-13,1151.8248291015625,1200.0,1215.0,1185.0,1185.0,33009300,PGEO.JK,0.012658227848101333,1208.75,1184.575,0,Stop Loss,0.0,0.9837944363832576,False,False,,,,None
30988,2024-03-14,1137.4271240234375,1185.0,1210.0,1185.0,1200.0,10587700,PGEO.JK,-0.012499999999999956,1207.25,1183.105,0,Stop Loss,-0.0,0.9837944363832576,False,False,,,,None
30989,2024-03-15,1132.6278076171875,1180.0,1200.0,1180.0,1200.0,13501600,PGEO.JK,-0.00421940928270037,1205.75,1181.635,0,Stop Loss,-0.0,0.9837944363832576,False,False,,,,None
30990,2024-03-18,1132.6278076171875,1180.0,1195.0,1180.0,1180.0,9214600,PGEO.JK,0.0,1203.0,1178.94,0,Stop Loss,0.0,0.9837944363832576,False,False,,,,None
30991,2024-03-19,1132.6278076171875,1180.0,1190.0,1180.0,1185.0,7657300,PGEO.JK,0.0,1201.75,1177.715,0,Stop Loss,0.0,0.9837944363832576,False,False,,,,None
30992,2024-03-20,1137.4271240234375,1185.0,1200.0,1180.0,1185.0,11722400,PGEO.JK,0.004237288135593209,1200.5,1176.49,0,Stop Loss,0.0,0.9837944363832576,False,False,,,,None
30993,2024-03-21,1151.8248291015625,1200.0,1220.0,1185.0,1185.0,33026400,PGEO.JK,0.012658227848101333,1200.75,1176.735,0,Stop Loss,0.0,0.9837944363832576,False,False,,,,None
30994,2024-03-22,1147.025634765625,1195.0,1200.0,1185.0,1200.0,12531300,PGEO.JK,-0.004166666666666652,1201.5,1177.47,0,Stop Loss,-0.0,0.9837944363832576,False,False,,,,None
30995,2024-03-25,1147.025634765625,1195.0,1195.0,1195.0,1195.0,0,PGEO.JK,0.0,1201.0,1176.98,0,Stop Loss,0.0,0.9837944363832576,False,False,,,,None
30996,2024-03-26,1147.025634765625,1195.0,1195.0,1195.0,1195.0,0,PGEO.JK,0.0,1199.5,1175.51,0,Stop Loss,0.0,0.9837944363832576,False,False,,,,None
30997,2024-03-27,1137.4271240234375,1185.0,1195.0,1175.0,1195.0,8782300,PGEO.JK,-0.008368200836820106,1197.25,1173.305,0,Stop Loss,-0.0,0.9837944363832576,False,False,,,,None
30998,2024-03-28,1127.8284912109375,1175.0,1195.0,1175.0,1190.0,5089700,PGEO.JK,-0.008438818565400852,1195.0,1171.1,0,Stop Loss,-0.0,0.9837944363832576,False,False,,,,None
30999,2024-04-01,1079.8358154296875,1125.0,1175.0,1110.0,1175.0,17557300,PGEO.JK,-0.04255319148936165,1189.75,1165.955,0,Stop Loss,-0.0,0.9837944363832576,False,False,,,,None
31000,2024-04-02,1084.6351318359375,1130.0,1130.0,1075.0,1125.0,27109800,PGEO.JK,0.004444444444444473,1185.75,1162.035,0,Stop Loss,0.0,0.9837944363832576,False,False,,,,None
31001,2024-04-03,1113.4306640625,1160.0,1170.0,1120.0,1135.0,14495600,PGEO.JK,0.026548672566371723,1182.75,1159.095,0,Stop Loss,0.0,0.9837944363832576,False,False,,,,None
31002,2024-04-04,1142.226318359375,1190.0,1195.0,1140.0,1160.0,23641300,PGEO.JK,0.02586206896551735,1181.75,1158.115,0,Reset,0.0,0.9837944363832576,False,False,,,,None
31003,2024-04-05,1142.226318359375,1190.0,1215.0,1185.0,1190.0,21099300,PGEO.JK,0.0,1181.5,1157.87,0,Reset,0.0,0.9837944363832576,False,False,,,,None
31004,2024-04-16,1142.226318359375,1190.0,1200.0,1160.0,1190.0,37640900,PGEO.JK,0.0,1181.25,1157.625,0,Reset,0.0,0.9837944363832576,False,False,,,,None
31005,2024-04-17,1161.4234619140625,1210.0,1245.0,1190.0,1195.0,61949800,PGEO.JK,0.01680672268907557,1181.75,1158.115,0,Reset,0.0,0.9837944363832576,False,False,,,,None
31006,2024-04-18,1180.6204833984375,1230.0,1240.0,1215.0,1220.0,45207000,PGEO.JK,0.016528925619834656,1184.0,1160.32,0,Reset,0.0,0.9837944363832576,False,False,,,,None
31007,2024-04-19,1171.02197265625,1220.0,1235.0,1185.0,1230.0,137395300,PGEO.JK,-0.008130081300813052,1185.0,1161.3,0,Reset,-0.0,0.9837944363832576,False,False,,,,None
31008,2024-04-22,1156.6241455078125,1205.0,1225.0,1200.0,1225.0,11513800,PGEO.JK,-0.012295081967213073,1186.0,1162.28,0,Reset,-0.0,0.9837944363832576,False,False,,,,None
31009,2024-04-23,1156.6241455078125,1205.0,1210.0,1190.0,1210.0,5490100,PGEO.JK,0.0,1187.25,1163.5049999999999,0,Reset,0.0,0.9837944363832576,False,False,,,,None
31010,2024-04-24,1151.8248291015625,1200.0,1210.0,1195.0,1205.0,5092000,PGEO.JK,-0.004149377593360981,1188.25,1164.485,0,Reset,-0.0,0.9837944363832576,False,False,,,,None
31011,2024-04-25,1175.8212890625,1225.0,1235.0,1195.0,1205.0,16981300,PGEO.JK,0.02083333333333326,1190.5,1166.69,0,Reset,0.0,0.9837944363832576,False,False,,,,None
31012,2024-04-26,1151.8248291015625,1200.0,1235.0,1200.0,1230.0,12796200,PGEO.JK,-0.020408163265306145,1191.25,1167.425,0,Reset,-0.0,0.9837944363832576,False,False,,,,None
31013,2024-04-29,1161.4234619140625,1210.0,1215.0,1185.0,1200.0,17730400,PGEO.JK,0.008333333333333304,1191.75,1167.915,0,Reset,0.0,0.9837944363832576,False,False,,,,None
31014,2024-04-30,1171.02197265625,1220.0,1225.0,1205.0,1210.0,16590000,PGEO.JK,0.008264462809917328,1193.0,1169.1399999999999,0,Reset,0.0,0.9837944363832576,False,False,,,,None
31015,2024-05-02,1156.6241455078125,1205.0,1230.0,1200.0,1225.0,8216500,PGEO.JK,-0.012295081967213073,1193.5,1169.6299999999999,0,Reset,-0.0,0.9837944363832576,False,False,,,,None
31016,2024-05-03,1166.22265625,1215.0,1220.0,1205.0,1210.0,8894500,PGEO.JK,0.008298755186721962,1194.5,1170.61,0,Reset,0.0,0.9837944363832576,False,False,,,,None
31017,2024-05-06,1281.4051513671875,1335.0,1335.0,1220.0,1220.0,93776800,PGEO.JK,0.09876543209876543,1202.0,1177.96,0,Reset,0.0,0.9837944363832576,False,False,,,,None
31018,2024-05-07,1252.6094970703125,1305.0,1380.0,1305.0,1340.0,53702800,PGEO.JK,-0.022471910112359605,1208.5,1184.33,0,Reset,-0.0,0.9837944363832576,False,False,,,,None
31019,2024-05-08,1262.2081298828125,1315.0,1370.0,1310.0,1310.0,41218000,PGEO.JK,0.00766283524904221,1218.0,1193.6399999999999,0,Reset,0.0,0.9837944363832576,False,False,,,,None
31020,2024-05-13,1209.4161376953125,1260.0,1330.0,1255.0,1315.0,38530600,PGEO.JK,-0.041825095057034245,1224.5,1200.01,0,Reset,-0.0,0.9837944363832576,False,False,,,,None
31021,2024-05-14,1219.0146484375,1270.0,1275.0,1240.0,1260.0,24416000,PGEO.JK,0.007936507936507908,1230.0,1205.4,0,Reset,0.0,0.9837944363832576,False,False,,,,None
31022,2024-05-15,1199.817626953125,1250.0,1270.0,1240.0,1270.0,25197100,PGEO.JK,-0.015748031496062964,1233.0,1208.34,0,Reset,-0.0,0.9837944363832576,False,False,,,,None
31023,2024-05-16,1262.2081298828125,1315.0,1335.0,1245.0,1250.0,60237700,PGEO.JK,0.052000000000000046,1239.25,1214.465,0,Reset,0.0,0.9837944363832576,False,False,,,,None
31024,2024-05-17,1238.2117919921875,1290.0,1335.0,1285.0,1315.0,39547100,PGEO.JK,-0.019011406844106515,1244.25,1219.365,0,Reset,-0.0,0.9837944363832576,False,False,,,,None
31025,2024-05-20,1209.4161376953125,1260.0,1360.0,1260.0,1300.0,73814800,PGEO.JK,-0.023255813953488413,1246.75,1221.815,0,Reset,-0.0,0.9837944363832576,False,False,,,,None
31026,2024-05-21,1228.6131591796875,1280.0,1310.0,1270.0,1270.0,27486400,PGEO.JK,0.015873015873015817,1249.25,1224.2649999999999,0,Reset,0.0,0.9837944363832576,False,False,,,,None
31027,2024-05-22,1209.4161376953125,1260.0,1300.0,1250.0,1300.0,17629200,PGEO.JK,-0.015625,1251.25,1226.225,0,Reset,-0.0,0.9837944363832576,False,False,,,,None
31028,2024-05-27,1185.4197998046875,1235.0,1275.0,1220.0,1260.0,16275300,PGEO.JK,-0.019841269841269882,1252.75,1227.695,0,Reset,-0.0,0.9837944363832576,False,False,,,,None
31029,2024-05-28,1209.4161376953125,1260.0,1280.0,1245.0,1250.0,14127500,PGEO.JK,0.020242914979757165,1255.5,1230.3899999999999,0,Reset,0.0,0.9837944363832576,False,False,,,,None
31030,2024-05-29,1214.2154541015625,1265.0,1290.0,1245.0,1290.0,14400400,PGEO.JK,0.003968253968253954,1258.75,1233.575,0,Reset,0.0,0.9837944363832576,False,False,,,,None
31031,2024-05-30,1185.4197998046875,1235.0,1265.0,1230.0,1265.0,13368000,PGEO.JK,-0.02371541501976282,1259.25,1234.065,0,Reset,-0.0,0.9837944363832576,False,False,,,,None
31032,2024-05-31,1137.4271240234375,1185.0,1250.0,1185.0,1235.0,30596500,PGEO.JK,-0.04048582995951422,1258.5,1233.33,1,Buy,-0.0,0.9837944363832576,True,False,-0.0581144392800238,2024-06-12,1115.0,Loss
31033,2024-06-03,1161.4234619140625,1210.0,1220.0,1190.0,1195.0,10286200,PGEO.JK,0.021097046413502074,1258.5,1233.33,1,Buy,0.021097046413502074,1.0045495932689803,False,False,,,,None
31034,2024-06-04,1161.4234619140625,1210.0,1235.0,1200.0,1215.0,13695100,PGEO.JK,0.0,1258.0,1232.84,1,Buy,0.0,1.0045495932689803,False,False,,,,None
31035,2024-06-05,1142.226318359375,1190.0,1220.0,1185.0,1210.0,16633700,PGEO.JK,-0.016528925619834656,1257.25,1232.105,1,Buy,-0.016528925619834656,0.9879454677604022,False,False,,,,None
31036,2024-06-06,1170.0,1170.0,1175.0,1150.0,1160.0,9354400,PGEO.JK,-0.01680672268907568,1255.0,1229.9,1,Buy,-0.01680672268907568,0.9713413422518239,False,False,,,,None
31037,2024-06-07,1180.0,1180.0,1200.0,1170.0,1170.0,6015200,PGEO.JK,0.008547008547008517,1247.25,1222.305,1,Buy,0.008547008547008517,0.9796434050061129,False,False,,,,None
31038,2024-06-10,1170.0,1170.0,1195.0,1155.0,1190.0,9631100,PGEO.JK,-0.008474576271186418,1240.5,1215.69,1,Buy,-0.008474576271186418,0.9713413422518239,False,False,,,,None
31039,2024-06-11,1170.0,1170.0,1180.0,1165.0,1180.0,6528700,PGEO.JK,0.0,1233.25,1208.585,1,Buy,0.0,0.9713413422518239,False,False,,,,None
31040,2024-06-12,1115.0,1115.0,1170.0,1110.0,1170.0,12869100,PGEO.JK,-0.047008547008547064,1226.0,1201.48,0,Stop Loss,-0.047008547008547064,0.9256799971032338,False,True,,,,None
31041,2024-06-13,1120.0,1120.0,1135.0,1115.0,1120.0,3379500,PGEO.JK,0.004484304932735439,1218.5,1194.1299999999999,0,Stop Loss,0.0,0.9256799971032338,False,False,,,,None
31042,2024-06-14,1060.0,1060.0,1125.0,1055.0,1120.0,11470900,PGEO.JK,-0.0535714285714286,1209.0,1184.82,0,Stop Loss,-0.0,0.9256799971032338,False,False,,,,None
31043,2024-06-19,1005.0,1005.0,1060.0,1005.0,1060.0,16021300,PGEO.JK,-0.05188679245283023,1193.5,1169.6299999999999,0,Stop Loss,-0.0,0.9256799971032338,False,False,,,,None
31044,2024-06-20,1045.0,1045.0,1055.0,1010.0,1010.0,9028800,PGEO.JK,0.03980099502487566,1181.25,1157.625,0,Stop Loss,0.0,0.9256799971032338,False,False,,,,None
31045,2024-06-21,1155.0,1155.0,1160.0,1050.0,1050.0,25880800,PGEO.JK,0.10526315789473695,1176.0,1152.48,0,Stop Loss,0.0,0.9256799971032338,False,False,,,,None
31046,2024-06-24,1150.0,1150.0,1175.0,1140.0,1155.0,11686900,PGEO.JK,-0.0043290043290042934,1169.5,1146.11,0,Stop Loss,-0.0,0.9256799971032338,False,False,,,,None
31047,2024-06-25,1150.0,1150.0,1155.0,1135.0,1155.0,5254900,PGEO.JK,0.0,1164.0,1140.72,0,Stop Loss,0.0,0.9256799971032338,False,False,,,,None
31048,2024-06-26,1180.0,1180.0,1190.0,1150.0,1150.0,23217000,PGEO.JK,0.026086956521739202,1161.25,1138.025,0,Reset,0.0,0.9256799971032338,False,False,,,,None
31049,2024-06-27,1200.0,1200.0,1205.0,1180.0,1185.0,14019300,PGEO.JK,0.016949152542372836,1158.25,1135.085,0,Reset,0.0,0.9256799971032338,False,False,,,,None
31050,2024-06-28,1190.0,1190.0,1210.0,1190.0,1205.0,9341600,PGEO.JK,-0.008333333333333304,1154.5,1131.41,0,Reset,-0.0,0.9256799971032338,False,False,,,,None
31051,2024-07-01,1220.0,1220.0,1235.0,1195.0,1195.0,14993900,PGEO.JK,0.025210084033613356,1153.75,1130.675,0,Reset,0.0,0.9256799971032338,False,False,,,,None
31052,2024-07-02,1210.0,1210.0,1235.0,1200.0,1220.0,9842200,PGEO.JK,-0.008196721311475419,1155.0,1131.9,0,Reset,-0.0,0.9256799971032338,False,False,,,,None
31053,2024-07-03,1200.0,1200.0,1215.0,1180.0,1215.0,11469100,PGEO.JK,-0.008264462809917328,1154.5,1131.41,0,Reset,-0.0,0.9256799971032338,False,False,,,,None
31054,2024-07-04,1200.0,1200.0,1225.0,1195.0,1205.0,14115900,PGEO.JK,0.0,1154.0,1130.92,0,Reset,0.0,0.9256799971032338,False,False,,,,None
31055,2024-07-05,1230.0,1230.0,1235.0,1200.0,1200.0,9975000,PGEO.JK,0.02499999999999991,1156.0,1132.8799999999999,0,Reset,0.0,0.9256799971032338,False,False,,,,None
31056,2024-07-08,1230.0,1230.0,1245.0,1215.0,1240.0,10577000,PGEO.JK,0.0,1159.0,1135.82,0,Reset,0.0,0.9256799971032338,False,False,,,,None
31057,2024-07-09,1220.0,1220.0,1235.0,1210.0,1235.0,6475300,PGEO.JK,-0.008130081300813052,1161.0,1137.78,0,Reset,-0.0,0.9256799971032338,False,False,,,,None
31058,2024-07-10,1260.0,1260.0,1270.0,1220.0,1225.0,20130600,PGEO.JK,0.032786885245901676,1165.5,1142.19,0,Reset,0.0,0.9256799971032338,False,False,,,,None
31059,2024-07-11,1285.0,1285.0,1350.0,1260.0,1260.0,77180500,PGEO.JK,0.01984126984126977,1171.25,1147.825,0,Reset,0.0,0.9256799971032338,False,False,,,,None
31060,2024-07-12,1285.0,1285.0,1325.0,1280.0,1295.0,26368400,PGEO.JK,0.0,1179.75,1156.155,0,Reset,0.0,0.9256799971032338,False,False,,,,None
31061,2024-07-15,1275.0,1275.0,1325.0,1270.0,1295.0,12236200,PGEO.JK,-0.0077821011673151474,1187.5,1163.75,0,Reset,-0.0,0.9256799971032338,False,False,,,,None
31062,2024-07-16,1285.0,1285.0,1300.0,1255.0,1275.0,14583400,PGEO.JK,0.007843137254901933,1198.75,1174.775,0,Reset,0.0,0.9256799971032338,False,False,,,,None
31063,2024-07-17,1260.0,1260.0,1310.0,1250.0,1285.0,13017800,PGEO.JK,-0.01945525291828798,1211.5,1187.27,0,Reset,-0.0,0.9256799971032338,False,False,,,,None
31064,2024-07-18,1285.0,1285.0,1290.0,1255.0,1265.0,12072600,PGEO.JK,0.01984126984126977,1223.5,1199.03,0,Reset,0.0,0.9256799971032338,False,False,,,,None
31065,2024-07-19,1290.0,1290.0,1310.0,1260.0,1290.0,20490200,PGEO.JK,0.0038910505836575737,1230.25,1205.645,0,Reset,0.0,0.9256799971032338,False,False,,,,None
31066,2024-07-22,1295.0,1295.0,1320.0,1275.0,1280.0,18684400,PGEO.JK,0.003875968992248069,1237.5,1212.75,0,Reset,0.0,0.9256799971032338,False,False,,,,None
31067,2024-07-23,1280.0,1280.0,1305.0,1280.0,1300.0,6519600,PGEO.JK,-0.01158301158301156,1244.0,1219.12,0,Reset,-0.0,0.9256799971032338,False,False,,,,None
31068,2024-07-24,1275.0,1275.0,1290.0,1255.0,1285.0,8702300,PGEO.JK,-0.00390625,1248.75,1223.775,0,Reset,-0.0,0.9256799971032338,False,False,,,,None
31069,2024-07-25,1270.0,1270.0,1285.0,1250.0,1275.0,4105400,PGEO.JK,-0.0039215686274509665,1252.25,1227.205,0,Reset,-0.0,0.9256799971032338,False,False,,,,None
31070,2024-07-26,1265.0,1265.0,1285.0,1260.0,1270.0,4508300,PGEO.JK,-0.003937007874015741,1256.0,1230.8799999999999,0,Reset,-0.0,0.9256799971032338,False,False,,,,None
31071,2024-07-29,1285.0,1285.0,1295.0,1260.0,1280.0,8861700,PGEO.JK,0.015810276679841806,1259.25,1234.065,0,Reset,0.0,0.9256799971032338,False,False,,,,None
31072,2024-07-30,1280.0,1280.0,1290.0,1250.0,1285.0,6450300,PGEO.JK,-0.0038910505836575737,1262.75,1237.495,0,Reset,-0.0,0.9256799971032338,False,False,,,,None
31073,2024-07-31,1315.0,1315.0,1330.0,1275.0,1280.0,28415900,PGEO.JK,0.02734375,1268.5,1243.1299999999999,0,Reset,0.0,0.9256799971032338,False,False,,,,None
31074,2024-08-01,1285.0,1285.0,1335.0,1280.0,1325.0,19688100,PGEO.JK,-0.02281368821292773,1272.75,1247.295,0,Reset,-0.0,0.9256799971032338,False,False,,,,None
31075,2024-08-02,1255.0,1255.0,1285.0,1255.0,1285.0,16575200,PGEO.JK,-0.023346303501945553,1274.0,1248.52,0,Reset,-0.0,0.9256799971032338,False,False,,,,None
31076,2024-08-05,1210.0,1210.0,1250.0,1195.0,1250.0,32122700,PGEO.JK,-0.03585657370517925,1273.0,1247.54,1,Buy,-0.0,0.9256799971032338,True,False,-0.02677586768480389,2024-08-23,1175.0,Loss
31077,2024-08-06,1245.0,1245.0,1260.0,1215.0,1215.0,16026200,PGEO.JK,0.02892561983471076,1274.25,1248.7649999999999,1,Buy,0.02892561983471076,0.9524558647880381,False,False,,,,None
31078,2024-08-07,1250.0,1250.0,1265.0,1245.0,1250.0,8146400,PGEO.JK,0.004016064257028162,1273.75,1248.275,1,Buy,0.004016064257028162,0.9562809887430103,False,False,,,,None
31079,2024-08-08,1240.0,1240.0,1260.0,1235.0,1250.0,6951300,PGEO.JK,-0.008000000000000007,1271.5,1246.07,1,Buy,-0.008000000000000007,0.9486307408330662,False,False,,,,None
31080,2024-08-09,1230.0,1230.0,1260.0,1215.0,1250.0,8154400,PGEO.JK,-0.008064516129032251,1268.75,1243.375,1,Buy,-0.008064516129032251,0.9409804929231221,False,False,,,,None
31081,2024-08-12,1230.0,1230.0,1245.0,1220.0,1230.0,7018800,PGEO.JK,0.0,1266.5,1241.17,1,Buy,0.0,0.9409804929231221,False,False,,,,None
31082,2024-08-13,1225.0,1225.0,1245.0,1225.0,1245.0,16061300,PGEO.JK,-0.004065040650406471,1263.5,1238.23,1,Buy,-0.004065040650406471,0.9371553689681501,False,False,,,,None
31083,2024-08-14,1250.0,1250.0,1255.0,1230.0,1230.0,10653700,PGEO.JK,0.020408163265306145,1263.0,1237.74,1,Buy,0.020408163265306145,0.9562809887430104,False,False,,,,None
31084,2024-08-15,1235.0,1235.0,1255.0,1230.0,1255.0,10130900,PGEO.JK,-0.01200000000000001,1260.5,1235.29,1,Buy,-0.01200000000000001,0.9448056168780943,False,False,,,,None
31085,2024-08-16,1230.0,1230.0,1245.0,1225.0,1235.0,16886700,PGEO.JK,-0.004048582995951455,1257.5,1232.35,1,Buy,-0.004048582995951455,0.9409804929231222,False,False,,,,None
31086,2024-08-19,1215.0,1215.0,1235.0,1210.0,1230.0,13832200,PGEO.JK,-0.012195121951219523,1253.5,1228.43,1,Buy,-0.012195121951219523,0.9295051210582062,False,False,,,,None
31087,2024-08-20,1205.0,1205.0,1220.0,1200.0,1215.0,20788100,PGEO.JK,-0.008230452674897082,1249.75,1224.7549999999999,1,Buy,-0.008230452674897082,0.9218548731482621,False,False,,,,None
31088,2024-08-21,1200.0,1200.0,1210.0,1195.0,1205.0,21801600,PGEO.JK,-0.004149377593360981,1246.0,1221.08,1,Buy,-0.004149377593360981,0.9180297491932901,False,False,,,,None
31089,2024-08-22,1190.0,1190.0,1200.0,1185.0,1200.0,10510000,PGEO.JK,-0.008333333333333304,1242.0,1217.16,1,Buy,-0.008333333333333304,0.910379501283346,False,False,,,,None
31090,2024-08-23,1175.0,1175.0,1200.0,1165.0,1190.0,26031300,PGEO.JK,-0.012605042016806678,1237.5,1212.75,0,Stop Loss,-0.012605042016806678,0.8989041294184299,False,True,,,,None
31091,2024-08-26,1185.0,1185.0,1200.0,1175.0,1175.0,24707700,PGEO.JK,0.008510638297872353,1232.5,1207.85,0,Stop Loss,0.0,0.8989041294184299,False,False,,,,None
31092,2024-08-27,1180.0,1180.0,1195.0,1175.0,1185.0,16607900,PGEO.JK,-0.00421940928270037,1227.5,1202.95,0,Stop Loss,-0.0,0.8989041294184299,False,False,,,,None
31093,2024-08-28,1155.0,1155.0,1190.0,1155.0,1180.0,34030200,PGEO.JK,-0.021186440677966156,1219.5,1195.11,0,Stop Loss,-0.0,0.8989041294184299,False,False,,,,None
31094,2024-08-29,1125.0,1125.0,1165.0,1125.0,1160.0,29218200,PGEO.JK,-0.025974025974025983,1211.5,1187.27,0,Stop Loss,-0.0,0.8989041294184299,False,False,,,,None
31095,2024-08-30,1145.0,1145.0,1160.0,1125.0,1125.0,12423400,PGEO.JK,0.01777777777777767,1206.0,1181.8799999999999,0,Stop Loss,0.0,0.8989041294184299,False,False,,,,None
31096,2024-09-02,1145.0,1145.0,1165.0,1145.0,1150.0,21269300,PGEO.JK,0.0,1202.75,1178.695,0,Stop Loss,0.0,0.8989041294184299,False,False,,,,None
31097,2024-09-03,1130.0,1130.0,1160.0,1130.0,1150.0,12896600,PGEO.JK,-0.013100436681222738,1197.0,1173.06,0,Stop Loss,-0.0,0.8989041294184299,False,False,,,,None
31098,2024-09-04,1135.0,1135.0,1140.0,1125.0,1130.0,5397100,PGEO.JK,0.004424778761061843,1191.25,1167.425,0,Stop Loss,0.0,0.8989041294184299,False,False,,,,None
31099,2024-09-05,1140.0,1140.0,1140.0,1130.0,1135.0,5705600,PGEO.JK,0.004405286343612369,1186.25,1162.525,0,Stop Loss,0.0,0.8989041294184299,False,False,,,,None
31100,2024-09-06,1130.0,1130.0,1140.0,1125.0,1140.0,10154600,PGEO.JK,-0.00877192982456143,1181.25,1157.625,0,Stop Loss,-0.0,0.8989041294184299,False,False,,,,None
31101,2024-09-09,1130.0,1130.0,1140.0,1130.0,1130.0,6368400,PGEO.JK,0.0,1176.25,1152.725,0,Stop Loss,0.0,0.8989041294184299,False,False,,,,None
31102,2024-09-10,1150.0,1150.0,1160.0,1130.0,1130.0,12947900,PGEO.JK,0.017699115044247815,1172.5,1149.05,0,Stop Loss,0.0,0.8989041294184299,False,False,,,,None
31103,2024-09-11,1130.0,1130.0,1160.0,1130.0,1155.0,12958500,PGEO.JK,-0.017391304347826098,1166.5,1143.17,0,Stop Loss,-0.0,0.8989041294184299,False,False,,,,None
31104,2024-09-12,1140.0,1140.0,1150.0,1135.0,1135.0,11995100,PGEO.JK,0.008849557522123908,1161.75,1138.5149999999999,0,Stop Loss,0.0,0.8989041294184299,False,False,,,,None
31105,2024-09-13,1120.0,1120.0,1145.0,1115.0,1140.0,34051500,PGEO.JK,-0.01754385964912286,1156.25,1133.125,0,Stop Loss,-0.0,0.8989041294184299,False,False,,,,None
31106,2024-09-17,1120.0,1120.0,1135.0,1115.0,1120.0,15623200,PGEO.JK,0.0,1151.5,1128.47,0,Stop Loss,0.0,0.8989041294184299,False,False,,,,None
31107,2024-09-18,1120.0,1120.0,1135.0,1120.0,1120.0,9018300,PGEO.JK,0.0,1147.25,1124.305,0,Stop Loss,0.0,0.8989041294184299,False,False,,,,None
31108,2024-09-19,1125.0,1125.0,1130.0,1120.0,1120.0,10471000,PGEO.JK,0.0044642857142858094,1143.5,1120.6299999999999,0,Stop Loss,0.0,0.8989041294184299,False,False,,,,None
31109,2024-09-20,1115.0,1115.0,1135.0,1110.0,1130.0,18419400,PGEO.JK,-0.008888888888888835,1139.75,1116.955,0,Stop Loss,-0.0,0.8989041294184299,False,False,,,,None
31110,2024-09-23,1150.0,1150.0,1150.0,1120.0,1120.0,22537600,PGEO.JK,0.03139013452914807,1138.5,1115.73,0,Reset,0.0,0.8989041294184299,False,False,,,,None
31111,2024-09-24,1170.0,1170.0,1185.0,1150.0,1155.0,45748500,PGEO.JK,0.017391304347825987,1137.75,1114.995,0,Reset,0.0,0.8989041294184299,False,False,,,,None
31112,2024-09-25,1160.0,1160.0,1180.0,1155.0,1175.0,14065100,PGEO.JK,-0.008547008547008517,1136.75,1114.0149999999999,0,Reset,-0.0,0.8989041294184299,False,False,,,,None
31113,2024-09-26,1150.0,1150.0,1175.0,1150.0,1160.0,11214900,PGEO.JK,-0.008620689655172376,1136.5,1113.77,0,Reset,-0.0,0.8989041294184299,False,False,,,,None
31114,2024-09-27,1135.0,1135.0,1165.0,1135.0,1150.0,14402800,PGEO.JK,-0.013043478260869601,1137.0,1114.26,0,Reset,-0.0,0.8989041294184299,False,False,,,,None
31115,2024-09-30,1135.0,1135.0,1140.0,1120.0,1140.0,12042800,PGEO.JK,0.0,1136.5,1113.77,0,Reset,0.0,0.8989041294184299,False,False,,,,None
31116,2024-10-01,1125.0,1125.0,1135.0,1120.0,1135.0,9049300,PGEO.JK,-0.008810572687224627,1135.5,1112.79,0,Reset,-0.0,0.8989041294184299,False,False,,,,None
31117,2024-10-02,1120.0,1120.0,1145.0,1115.0,1130.0,15802900,PGEO.JK,-0.004444444444444473,1135.0,1112.3,0,Reset,-0.0,0.8989041294184299,False,False,,,,None
31118,2024-10-03,1120.0,1120.0,1135.0,1120.0,1130.0,6631800,PGEO.JK,0.0,1134.25,1111.565,0,Reset,0.0,0.8989041294184299,False,False,,,,None
31119,2024-10-04,1145.0,1145.0,1155.0,1125.0,1130.0,15909800,PGEO.JK,0.022321428571428603,1134.5,1111.81,0,Reset,0.0,0.8989041294184299,False,False,,,,None
31120,2024-10-07,1140.0,1140.0,1160.0,1130.0,1155.0,10375700,PGEO.JK,-0.004366812227074246,1135.0,1112.3,0,Reset,-0.0,0.8989041294184299,False,False,,,,None
31121,2024-10-08,1125.0,1125.0,1145.0,1125.0,1140.0,7802000,PGEO.JK,-0.013157894736842146,1134.75,1112.055,0,Reset,-0.0,0.8989041294184299,False,False,,,,None
31122,2024-10-09,1165.0,1165.0,1165.0,1130.0,1130.0,19209000,PGEO.JK,0.03555555555555556,1135.5,1112.79,0,Reset,0.0,0.8989041294184299,False,False,,,,None
31123,2024-10-10,1170.0,1170.0,1175.0,1155.0,1170.0,24913800,PGEO.JK,0.0042918454935623185,1137.5,1114.75,0,Reset,0.0,0.8989041294184299,False,False,,,,None
31124,2024-10-11,1185.0,1185.0,1190.0,1170.0,1170.0,23702500,PGEO.JK,0.012820512820512775,1139.75,1116.955,0,Reset,0.0,0.8989041294184299,False,False,,,,None
31125,2024-10-14,1180.0,1180.0,1195.0,1180.0,1190.0,19789700,PGEO.JK,-0.00421940928270037,1142.75,1119.895,0,Reset,-0.0,0.8989041294184299,False,False,,,,None
31126,2024-10-15,1180.0,1180.0,1190.0,1180.0,1185.0,14459000,PGEO.JK,0.0,1145.75,1122.835,0,Reset,0.0,0.8989041294184299,False,False,,,,None
31127,2024-10-16,1185.0,1185.0,1210.0,1180.0,1185.0,21247400,PGEO.JK,0.004237288135593209,1149.0,1126.02,0,Reset,0.0,0.8989041294184299,False,False,,,,None
31128,2024-10-17,1170.0,1170.0,1195.0,1170.0,1190.0,17573000,PGEO.JK,-0.012658227848101222,1151.25,1128.225,0,Reset,-0.0,0.8989041294184299,False,False,,,,None
31129,2024-10-18,1145.0,1145.0,1175.0,1145.0,1170.0,122523100,PGEO.JK,-0.021367521367521403,1152.75,1129.695,0,Reset,-0.0,0.8989041294184299,False,False,,,,None
31130,2024-10-21,1145.0,1145.0,1175.0,1145.0,1150.0,23807000,PGEO.JK,0.0,1152.5,1129.45,0,Reset,0.0,0.8989041294184299,False,False,,,,None
31131,2024-10-22,1140.0,1140.0,1155.0,1135.0,1155.0,12564200,PGEO.JK,-0.004366812227074246,1151.0,1127.98,0,Reset,-0.0,0.8989041294184299,False,False,,,,None
31132,2024-10-23,1135.0,1135.0,1145.0,1135.0,1140.0,8764800,PGEO.JK,-0.004385964912280715,1149.75,1126.7549999999999,0,Reset,-0.0,0.8989041294184299,False,False,,,,None
31133,2024-10-24,1130.0,1130.0,1140.0,1125.0,1135.0,8356300,PGEO.JK,-0.004405286343612369,1148.75,1125.775,0,Reset,-0.0,0.8989041294184299,False,False,,,,None
31134,2024-10-25,1125.0,1125.0,1135.0,1125.0,1130.0,6969300,PGEO.JK,-0.004424778761061954,1148.25,1125.285,1,Buy,-0.0,0.8989041294184299,True,False,-0.027965906248573424,2024-10-30,1090.0,Loss
31135,2024-10-28,1110.0,1110.0,1130.0,1110.0,1125.0,12892400,PGEO.JK,-0.013333333333333308,1147.0,1124.06,1,Buy,-0.013333333333333308,0.8869187410261842,False,False,,,,None
31136,2024-10-29,1110.0,1110.0,1130.0,1110.0,1110.0,7489400,PGEO.JK,0.0,1146.25,1123.325,1,Buy,0.0,0.8869187410261842,False,False,,,,None
31137,2024-10-30,1090.0,1090.0,1120.0,1085.0,1115.0,12955700,PGEO.JK,-0.018018018018018056,1144.75,1121.855,0,Stop Loss,-0.018018018018018056,0.8709382231698565,False,True,,,,None
31138,2024-10-31,1090.0,1090.0,1100.0,1085.0,1095.0,7089600,PGEO.JK,0.0,1143.25,1120.385,0,Stop Loss,0.0,0.8709382231698565,False,False,,,,None
31139,2024-11-01,1080.0,1080.0,1100.0,1075.0,1090.0,8160800,PGEO.JK,-0.00917431192660545,1140.0,1117.2,0,Stop Loss,-0.0,0.8709382231698565,False,False,,,,None
31140,2024-11-04,1065.0,1065.0,1080.0,1055.0,1080.0,6616000,PGEO.JK,-0.01388888888888884,1136.25,1113.525,0,Stop Loss,-0.0,0.8709382231698565,False,False,,,,None
31141,2024-11-05,1070.0,1070.0,1085.0,1060.0,1065.0,6728900,PGEO.JK,0.0046948356807512415,1133.5,1110.83,0,Stop Loss,0.0,0.8709382231698565,False,False,,,,None
31142,2024-11-06,1055.0,1055.0,1080.0,1055.0,1075.0,5042100,PGEO.JK,-0.014018691588784993,1128.0,1105.44,0,Stop Loss,-0.0,0.8709382231698565,False,False,,,,None
31143,2024-11-07,1030.0,1030.0,1060.0,1020.0,1060.0,10738300,PGEO.JK,-0.023696682464455,1121.0,1098.58,0,Stop Loss,-0.0,0.8709382231698565,False,False,,,,None
31144,2024-11-08,1035.0,1035.0,1045.0,1030.0,1035.0,4859500,PGEO.JK,0.004854368932038833,1113.5,1091.23,0,Stop Loss,0.0,0.8709382231698565,False,False,,,,None
31145,2024-11-11,1015.0,1015.0,1040.0,1005.0,1035.0,8516700,PGEO.JK,-0.019323671497584516,1105.25,1083.145,0,Stop Loss,-0.0,0.8709382231698565,False,False,,,,None
31146,2024-11-12,1045.0,1045.0,1045.0,1015.0,1030.0,6699300,PGEO.JK,0.029556650246305383,1098.5,1076.53,0,Stop Loss,0.0,0.8709382231698565,False,False,,,,None
31147,2024-11-13,1080.0,1080.0,1100.0,1035.0,1050.0,13740600,PGEO.JK,0.03349282296650724,1093.25,1071.385,0,Stop Loss,0.0,0.8709382231698565,False,False,,,,None
31148,2024-11-14,1050.0,1050.0,1085.0,1045.0,1080.0,8983800,PGEO.JK,-0.02777777777777779,1087.25,1065.5049999999999,0,Stop Loss,-0.0,0.8709382231698565,False,False,,,,None
31149,2024-11-15,1035.0,1035.0,1060.0,1025.0,1050.0,3431800,PGEO.JK,-0.014285714285714235,1081.75,1060.115,0,Stop Loss,-0.0,0.8709382231698565,False,False,,,,None
31150,2024-11-18,1025.0,1025.0,1035.0,1015.0,1035.0,4474000,PGEO.JK,-0.009661835748792313,1075.75,1054.235,0,Stop Loss,-0.0,0.8709382231698565,False,False,,,,None
31151,2024-11-19,1040.0,1040.0,1040.0,1025.0,1025.0,4556400,PGEO.JK,0.014634146341463428,1070.75,1049.335,0,Stop Loss,0.0,0.8709382231698565,False,False,,,,None
31152,2024-11-20,1040.0,1040.0,1055.0,1035.0,1045.0,4085600,PGEO.JK,0.0,1066.0,1044.68,0,Stop Loss,0.0,0.8709382231698565,False,False,,,,None
31153,2024-11-21,1020.0,1020.0,1040.0,1015.0,1040.0,6376800,PGEO.JK,-0.019230769230769273,1060.5,1039.29,0,Stop Loss,-0.0,0.8709382231698565,False,False,,,,None
31154,2024-11-22,1030.0,1030.0,1030.0,1015.0,1020.0,5125200,PGEO.JK,0.009803921568627416,1055.75,1034.635,0,Stop Loss,0.0,0.8709382231698565,False,False,,,,None
31155,2024-11-25,1020.0,1020.0,1040.0,1020.0,1030.0,10720100,PGEO.JK,-0.009708737864077666,1051.25,1030.225,0,Stop Loss,-0.0,0.8709382231698565,False,False,,,,None
31156,2024-11-26,1015.0,1015.0,1030.0,1010.0,1020.0,7873400,PGEO.JK,-0.004901960784313708,1046.5,1025.57,0,Stop Loss,-0.0,0.8709382231698565,False,False,,,,None
31157,2024-11-28,1005.0,1005.0,1025.0,1005.0,1015.0,7673700,PGEO.JK,-0.009852216748768461,1042.25,1021.405,0,Stop Loss,-0.0,0.8709382231698565,False,False,,,,None
31158,2024-11-29,990.0,990.0,1015.0,990.0,1005.0,12385200,PGEO.JK,-0.014925373134328401,1037.25,1016.505,0,Stop Loss,-0.0,0.8709382231698565,False,False,,,,None
31159,2024-12-02,965.0,965.0,1005.0,965.0,1000.0,11433500,PGEO.JK,-0.025252525252525304,1031.5,1010.87,0,Stop Loss,-0.0,0.8709382231698565,False,False,,,,None
31160,2024-12-03,960.0,960.0,985.0,945.0,965.0,12335700,PGEO.JK,-0.005181347150259086,1026.25,1005.725,0,Stop Loss,-0.0,0.8709382231698565,False,False,,,,None
31161,2024-12-04,1000.0,1000.0,1030.0,960.0,960.0,35524500,PGEO.JK,0.04166666666666674,1022.75,1002.295,0,Stop Loss,0.0,0.8709382231698565,False,False,,,,None
31162,2024-12-05,985.0,985.0,1010.0,975.0,1005.0,12369700,PGEO.JK,-0.015000000000000013,1019.25,998.865,0,Stop Loss,-0.0,0.8709382231698565,False,False,,,,None
31163,2024-12-06,975.0,975.0,985.0,970.0,985.0,9851900,PGEO.JK,-0.010152284263959421,1016.5,996.17,0,Stop Loss,-0.0,0.8709382231698565,False,False,,,,None
31164,2024-12-09,975.0,975.0,990.0,970.0,980.0,12431600,PGEO.JK,0.0,1013.5,993.23,0,Stop Loss,0.0,0.8709382231698565,False,False,,,,None
31165,2024-12-10,970.0,970.0,985.0,965.0,980.0,10612400,PGEO.JK,-0.00512820512820511,1011.25,991.025,0,Stop Loss,-0.0,0.8709382231698565,False,False,,,,None
31166,2024-12-11,965.0,965.0,980.0,960.0,970.0,17507000,PGEO.JK,-0.005154639175257714,1007.25,987.105,0,Stop Loss,-0.0,0.8709382231698565,False,False,,,,None
31167,2024-12-12,960.0,960.0,975.0,955.0,965.0,11256600,PGEO.JK,-0.005181347150259086,1001.25,981.225,0,Stop Loss,-0.0,0.8709382231698565,False,False,,,,None
31168,2024-12-13,955.0,955.0,965.0,950.0,960.0,5025900,PGEO.JK,-0.00520833333333337,996.5,976.5699999999999,0,Stop Loss,-0.0,0.8709382231698565,False,False,,,,None
31169,2024-12-16,935.0,935.0,960.0,930.0,960.0,9940900,PGEO.JK,-0.020942408376963373,991.5,971.67,0,Stop Loss,-0.0,0.8709382231698565,False,False,,,,None
31170,2024-12-17,900.0,900.0,940.0,900.0,935.0,15396500,PGEO.JK,-0.03743315508021394,985.25,965.545,0,Stop Loss,-0.0,0.8709382231698565,False,False,,,,None
31171,2024-12-18,900.0,900.0,920.0,900.0,900.0,12611900,PGEO.JK,0.0,978.25,958.685,0,Stop Loss,0.0,0.8709382231698565,False,False,,,,None
31172,2024-12-19,965.0,965.0,970.0,880.0,900.0,25841500,PGEO.JK,0.07222222222222219,974.5,955.01,0,Stop Loss,0.0,0.8709382231698565,False,False,,,,None
31173,2024-12-20,975.0,975.0,995.0,945.0,965.0,16903100,PGEO.JK,0.010362694300518172,972.25,952.805,0,Reset,0.0,0.8709382231698565,False,False,,,,None
31174,2024-12-23,960.0,960.0,980.0,960.0,975.0,4424200,PGEO.JK,-0.01538461538461533,968.75,949.375,0,Reset,-0.0,0.8709382231698565,False,False,,,,None
31175,2024-12-24,955.0,955.0,980.0,950.0,965.0,4777200,PGEO.JK,-0.00520833333333337,965.5,946.1899999999999,0,Reset,-0.0,0.8709382231698565,False,False,,,,None
31176,2024-12-27,950.0,950.0,960.0,945.0,955.0,2664100,PGEO.JK,-0.005235602094240788,962.25,943.005,0,Reset,-0.0,0.8709382231698565,False,False,,,,None
31177,2024-12-30,935.0,935.0,960.0,920.0,955.0,5554000,PGEO.JK,-0.015789473684210575,958.75,939.5749999999999,1,Buy,-0.0,0.8709382231698565,True,False,-0.03260196557320327,2025-01-07,900.0,Loss
31178,2025-01-02,940.0,940.0,950.0,935.0,945.0,3980800,PGEO.JK,0.005347593582887722,956.25,937.125,1,Buy,0.005347593582887722,0.8755956468231713,False,False,,,,None
31179,2025-01-03,935.0,935.0,965.0,925.0,945.0,6731300,PGEO.JK,-0.005319148936170248,954.75,935.655,1,Buy,-0.005319148936170248,0.8709382231698565,False,False,,,,None
31180,2025-01-06,925.0,925.0,945.0,925.0,935.0,5511300,PGEO.JK,-0.010695187165775444,953.0,933.9399999999999,1,Buy,-0.010695187165775444,0.8616233758632269,False,False,,,,None
31181,2025-01-07,900.0,900.0,930.0,900.0,925.0,8202600,PGEO.JK,-0.027027027027026973,948.0,929.04,0,Stop Loss,-0.027027027027026973,0.8383362575966532,False,True,,,,None
31182,2025-01-08,905.0,905.0,915.0,900.0,900.0,3982200,PGEO.JK,0.005555555555555536,944.0,925.12,0,Stop Loss,0.0,0.8383362575966532,False,False,,,,None
31183,2025-01-09,900.0,900.0,915.0,895.0,905.0,5822400,PGEO.JK,-0.0055248618784530246,940.25,921.4449999999999,0,Stop Loss,-0.0,0.8383362575966532,False,False,,,,None
31184,2025-01-10,900.0,900.0,905.0,890.0,900.0,3927900,PGEO.JK,0.0,936.5,917.77,0,Stop Loss,0.0,0.8383362575966532,False,False,,,,None
31185,2025-01-13,910.0,910.0,930.0,900.0,905.0,8510900,PGEO.JK,0.011111111111111072,933.5,914.8299999999999,0,Stop Loss,0.0,0.8383362575966532,False,False,,,,None
31186,2025-01-14,910.0,910.0,930.0,905.0,910.0,4506000,PGEO.JK,0.0,930.75,912.135,0,Stop Loss,0.0,0.8383362575966532,False,False,,,,None
31187,2025-01-15,925.0,925.0,935.0,905.0,910.0,7504300,PGEO.JK,0.016483516483516425,929.0,910.42,0,Stop Loss,0.0,0.8383362575966532,False,False,,,,None
31188,2025-01-16,935.0,935.0,940.0,915.0,930.0,5611300,PGEO.JK,0.0108108108108107,928.0,909.4399999999999,0,Reset,0.0,0.8383362575966532,False,False,,,,None
31189,2025-01-17,920.0,920.0,940.0,915.0,935.0,4391600,PGEO.JK,-0.016042780748663055,927.25,908.7049999999999,0,Reset,-0.0,0.8383362575966532,False,False,,,,None
31190,2025-01-20,915.0,915.0,930.0,915.0,925.0,4023300,PGEO.JK,-0.005434782608695676,928.0,909.4399999999999,0,Reset,-0.0,0.8383362575966532,False,False,,,,None
31191,2025-01-21,925.0,925.0,925.0,910.0,915.0,5100400,PGEO.JK,0.010928961748633892,929.25,910.665,0,Reset,0.0,0.8383362575966532,False,False,,,,None
31192,2025-01-22,1060.0,1060.0,1060.0,920.0,925.0,94014000,PGEO.JK,0.145945945945946,934.0,915.3199999999999,0,Reset,0.0,0.8383362575966532,False,False,,,,None
31193,2025-01-23,1050.0,1050.0,1110.0,1035.0,1065.0,84510000,PGEO.JK,-0.009433962264150941,937.75,918.995,0,Reset,-0.0,0.8383362575966532,False,False,,,,None
31194,2025-01-24,1000.0,1000.0,1055.0,1000.0,1050.0,26106600,PGEO.JK,-0.04761904761904767,939.75,920.9549999999999,0,Reset,-0.0,0.8383362575966532,False,False,,,,None
31195,2025-01-30,975.0,975.0,1000.0,965.0,1000.0,10524000,PGEO.JK,-0.025000000000000022,940.75,921.935,0,Reset,-0.0,0.8383362575966532,False,False,,,,None
31196,2025-01-31,950.0,950.0,980.0,950.0,975.0,23847200,PGEO.JK,-0.02564102564102566,940.75,921.935,0,Reset,-0.0,0.8383362575966532,False,False,,,,None
31197,2025-02-03,915.0,915.0,965.0,915.0,955.0,14914900,PGEO.JK,-0.0368421052631579,939.75,920.9549999999999,1,Buy,-0.0,0.8383362575966532,True,False,-0.02290536222941686,2025-02-07,890.0,Loss
31198,2025-02-04,910.0,910.0,945.0,910.0,920.0,14012800,PGEO.JK,-0.005464480874316946,938.25,919.485,1,Buy,-0.005464480874316946,0.8337551851507699,False,False,,,,None
31199,2025-02-05,930.0,930.0,955.0,915.0,915.0,31123800,PGEO.JK,0.0219780219780219,938.0,919.24,1,Buy,0.0219780219780219,0.8520794749343031,False,False,,,,None
31200,2025-02-06,905.0,905.0,950.0,900.0,935.0,16653300,PGEO.JK,-0.026881720430107503,937.0,918.26,1,Buy,-0.026881720430107503,0.8291741127048864,False,False,,,,None
31201,2025-02-07,890.0,890.0,905.0,875.0,905.0,12828200,PGEO.JK,-0.016574585635359074,936.5,917.77,0,Stop Loss,-0.016574585635359074,0.8154308953672363,False,True,,,,None
31202,2025-02-10,870.0,870.0,895.0,870.0,890.0,10396200,PGEO.JK,-0.022471910112359605,934.75,916.055,0,Stop Loss,-0.0,0.8154308953672363,False,False,,,,None
31203,2025-02-11,825.0,825.0,875.0,820.0,870.0,21823500,PGEO.JK,-0.051724137931034475,931.0,912.38,0,Stop Loss,-0.0,0.8154308953672363,False,False,,,,None
31204,2025-02-12,830.0,830.0,850.0,825.0,850.0,9864500,PGEO.JK,0.0060606060606061,927.5,908.9499999999999,0,Stop Loss,0.0,0.8154308953672363,False,False,,,,None
31205,2025-02-13,885.0,885.0,910.0,810.0,830.0,17896400,PGEO.JK,0.06626506024096379,926.25,907.725,0,Stop Loss,0.0,0.8154308953672363,False,False,,,,None
31206,2025-02-14,885.0,885.0,895.0,850.0,885.0,26785100,PGEO.JK,0.0,925.0,906.5,0,Stop Loss,0.0,0.8154308953672363,False,False,,,,None
31207,2025-02-17,890.0,890.0,900.0,875.0,875.0,6707000,PGEO.JK,0.005649717514124353,923.25,904.785,0,Stop Loss,0.0,0.8154308953672363,False,False,,,,None
31208,2025-02-18,870.0,870.0,910.0,865.0,895.0,14255400,PGEO.JK,-0.022471910112359605,920.0,901.6,0,Stop Loss,-0.0,0.8154308953672363,False,False,,,,None
31209,2025-02-19,910.0,910.0,930.0,870.0,875.0,29212700,PGEO.JK,0.04597701149425282,919.5,901.11,0,Stop Loss,0.0,0.8154308953672363,False,False,,,,None
31210,2025-02-20,935.0,935.0,960.0,910.0,915.0,26762700,PGEO.JK,0.027472527472527375,920.5,902.09,0,Reset,0.0,0.8154308953672363,False,False,,,,None
31211,2025-02-21,915.0,915.0,955.0,910.0,935.0,6841100,PGEO.JK,-0.021390374331550777,920.0,901.6,0,Reset,-0.0,0.8154308953672363,False,False,,,,None
31212,2025-02-24,945.0,945.0,965.0,910.0,915.0,19460400,PGEO.JK,0.032786885245901676,914.25,895.965,0,Reset,0.0,0.8154308953672363,False,False,,,,None
31213,2025-02-25,925.0,925.0,960.0,915.0,945.0,15698200,PGEO.JK,-0.021164021164021163,908.0,889.84,0,Reset,-0.0,0.8154308953672363,False,False,,,,None
31214,2025-02-26,925.0,925.0,960.0,890.0,925.0,10901000,PGEO.JK,0.0,904.25,886.165,0,Reset,0.0,0.8154308953672363,False,False,,,,None
31215,2025-02-27,910.0,910.0,940.0,905.0,920.0,8734700,PGEO.JK,-0.01621621621621616,901.0,882.98,0,Reset,-0.0,0.8154308953672363,False,False,,,,None
31216,2025-02-28,875.0,875.0,940.0,850.0,910.0,13708500,PGEO.JK,-0.038461538461538436,897.25,879.305,1,Buy,-0.0,0.8154308953672363,True,False,-0.03261723581468934,2025-03-07,840.0,Loss
31217,2025-03-03,895.0,895.0,915.0,875.0,875.0,7306000,PGEO.JK,0.02285714285714291,896.25,878.3249999999999,1,Buy,0.02285714285714291,0.8340693158327732,False,False,,,,None
31218,2025-03-04,855.0,855.0,900.0,855.0,895.0,7375900,PGEO.JK,-0.04469273743016755,893.5,875.63,1,Buy,-0.04469273743016755,0.7967924749016996,False,False,,,,None
31219,2025-03-05,865.0,865.0,880.0,855.0,855.0,3273100,PGEO.JK,0.011695906432748648,890.25,872.4449999999999,1,Buy,0.011695906432748648,0.8061116851344681,False,False,,,,None
31220,2025-03-06,865.0,865.0,885.0,860.0,870.0,7209500,PGEO.JK,0.0,888.25,870.485,1,Buy,0.0,0.8061116851344681,False,False,,,,None
31221,2025-03-07,840.0,840.0,865.0,835.0,865.0,13810100,PGEO.JK,-0.028901734104046284,885.75,868.035,0,Stop Loss,-0.028901734104046284,0.782813659552547,False,True,,,,None
31222,2025-03-10,825.0,825.0,845.0,825.0,840.0,4922200,PGEO.JK,-0.017857142857142905,883.5,865.83,0,Stop Loss,-0.0,0.782813659552547,False,False,,,,None
31223,2025-03-11,815.0,815.0,830.0,810.0,825.0,7667400,PGEO.JK,-0.012121212121212088,883.0,865.34,0,Stop Loss,-0.0,0.782813659552547,False,False,,,,None
31224,2025-03-12,815.0,815.0,825.0,810.0,815.0,10054500,PGEO.JK,0.0,882.25,864.605,0,Stop Loss,0.0,0.782813659552547,False,False,,,,None
31225,2025-03-13,805.0,805.0,820.0,800.0,810.0,15645200,PGEO.JK,-0.012269938650306789,878.25,860.685,0,Stop Loss,-0.0,0.782813659552547,False,False,,,,None
31226,2025-03-14,765.0,765.0,805.0,760.0,805.0,19704000,PGEO.JK,-0.0496894409937888,872.25,854.805,0,Stop Loss,-0.0,0.782813659552547,False,False,,,,None
31227,2025-03-17,760.0,760.0,780.0,760.0,765.0,9035100,PGEO.JK,-0.006535947712418277,865.75,848.435,0,Stop Loss,-0.0,0.782813659552547,False,False,,,,None
31228,2025-03-18,730.0,730.0,770.0,705.0,765.0,15012700,PGEO.JK,-0.03947368421052633,858.75,841.5749999999999,0,Stop Loss,-0.0,0.782813659552547,False,False,,,,None
31229,2025-03-19,750.0,750.0,760.0,725.0,730.0,8664800,PGEO.JK,0.027397260273972712,850.75,833.735,0,Stop Loss,0.0,0.782813659552547,False,False,,,,None
31230,2025-03-20,755.0,755.0,770.0,750.0,750.0,7526500,PGEO.JK,0.006666666666666599,841.75,824.915,0,Stop Loss,0.0,0.782813659552547,False,False,,,,None
31231,2025-03-21,785.0,785.0,785.0,730.0,760.0,13586900,PGEO.JK,0.039735099337748325,835.25,818.545,0,Stop Loss,0.0,0.782813659552547,False,False,,,,None
31232,2025-03-24,765.0,765.0,800.0,760.0,785.0,8368400,PGEO.JK,-0.02547770700636942,826.25,809.725,0,Stop Loss,-0.0,0.782813659552547,False,False,,,,None
31233,2025-03-25,780.0,780.0,795.0,755.0,765.0,6199300,PGEO.JK,0.019607843137254832,819.0,802.62,0,Stop Loss,0.0,0.782813659552547,False,False,,,,None
31234,2025-03-26,820.0,820.0,825.0,765.0,780.0,16327600,PGEO.JK,0.05128205128205132,813.75,797.475,0,Reset,0.0,0.782813659552547,False,False,,,,None
31235,2025-03-27,805.0,805.0,825.0,805.0,820.0,7528200,PGEO.JK,-0.018292682926829285,808.5,792.33,0,Reset,-0.0,0.782813659552547,False,False,,,,None
31236,2025-04-08,765.0,765.0,765.0,700.0,750.0,16041100,PGEO.JK,-0.0496894409937888,803.0,786.9399999999999,1,Buy,-0.0,0.782813659552547,True,False,0.0409314331792181,2025-04-10,805.0,Win
31237,2025-04-09,770.0,770.0,790.0,755.0,775.0,18945300,PGEO.JK,0.006535947712418277,796.75,780.8149999999999,1,Buy,0.006535947712418277,0.7879300886999493,False,False,,,,None
31238,2025-04-10,805.0,805.0,815.0,780.0,790.0,19108600,PGEO.JK,0.045454545454545414,794.25,778.365,0,Sell,0.045454545454545414,0.8237450927317651,False,True,,,,None
31239,2025-04-11,805.0,805.0,815.0,800.0,805.0,6165600,PGEO.JK,0.0,791.25,775.425,0,Sell,0.0,0.8237450927317651,False,False,,,,None
31240,2025-04-14,840.0,840.0,845.0,810.0,810.0,14882700,PGEO.JK,0.04347826086956519,790.0,774.1999999999999,0,Sell,0.0,0.8237450927317651,False,False,,,,None
31241,2025-04-15,860.0,860.0,865.0,840.0,845.0,12691700,PGEO.JK,0.023809523809523725,791.0,775.18,0,Sell,0.0,0.8237450927317651,False,False,,,,None
31242,2025-04-16,835.0,835.0,870.0,825.0,870.0,10213300,PGEO.JK,-0.029069767441860517,791.5,775.67,0,Sell,-0.0,0.8237450927317651,False,False,,,,None
31243,2025-04-17,840.0,840.0,845.0,825.0,835.0,4194700,PGEO.JK,0.0059880239520957446,792.75,776.895,0,Sell,0.0,0.8237450927317651,False,False,,,,None
31244,2025-04-21,850.0,850.0,860.0,840.0,840.0,5951500,PGEO.JK,0.011904761904761862,794.5,778.61,0,Sell,0.0,0.8237450927317651,False,False,,,,None
31245,2025-04-22,865.0,865.0,870.0,840.0,855.0,9237900,PGEO.JK,0.01764705882352935,797.5,781.55,0,Sell,0.0,0.8237450927317651,False,False,,,,None
31246,2025-04-23,865.0,865.0,880.0,860.0,875.0,8723500,PGEO.JK,0.0,802.5,786.4499999999999,0,Sell,0.0,0.8237450927317651,False,False,,,,None
31247,2025-04-24,920.0,920.0,920.0,870.0,870.0,24384200,PGEO.JK,0.06358381502890165,810.5,794.29,0,Sell,0.0,0.8237450927317651,False,False,,,,None
31248,2025-04-25,965.0,965.0,1000.0,925.0,930.0,38235300,PGEO.JK,0.048913043478260976,822.25,805.805,0,Sell,0.0,0.8237450927317651,False,False,,,,None
31249,2025-04-28,925.0,925.0,960.0,915.0,960.0,14886200,PGEO.JK,-0.041450777202072575,831.0,814.38,0,Sell,-0.0,0.8237450927317651,False,False,,,,None
31250,2025-04-29,940.0,940.0,945.0,920.0,920.0,9060300,PGEO.JK,0.016216216216216273,840.25,823.4449999999999,0,Sell,0.0,0.8237450927317651,False,False,,,,None
31251,2025-04-30,910.0,910.0,940.0,905.0,940.0,10821700,PGEO.JK,-0.03191489361702127,846.5,829.5699999999999,0,Sell,-0.0,0.8237450927317651,False,False,,,,None
31252,2025-05-02,915.0,915.0,925.0,910.0,910.0,3794600,PGEO.JK,0.005494505494505475,854.0,836.92,0,Sell,0.0,0.8237450927317651,False,False,,,,None
31253,2025-05-05,915.0,915.0,925.0,905.0,920.0,3705200,PGEO.JK,0.0,860.75,843.535,0,Sell,0.0,0.8237450927317651,False,False,,,,None
31254,2025-05-06,940.0,940.0,940.0,915.0,915.0,6987200,PGEO.JK,0.02732240437158473,866.75,849.415,0,Sell,0.0,0.8237450927317651,False,False,,,,None
31255,2025-05-07,945.0,945.0,960.0,930.0,945.0,14781700,PGEO.JK,0.005319148936170137,873.75,856.275,0,Sell,0.0,0.8237450927317651,False,False,,,,None
31256,2025-05-08,955.0,955.0,965.0,930.0,945.0,16560600,PGEO.JK,0.010582010582010692,883.25,865.585,0,Sell,0.0,0.8237450927317651,False,False,,,,None
31257,2025-05-09,945.0,945.0,970.0,940.0,960.0,6222000,PGEO.JK,-0.010471204188481686,892.0,874.16,0,Sell,-0.0,0.8237450927317651,False,False,,,,None
31258,2025-05-14,975.0,975.0,995.0,950.0,950.0,22676300,PGEO.JK,0.031746031746031855,900.5,882.49,0,Sell,0.0,0.8237450927317651,False,False,,,,None
31259,2025-05-15,1080.0,1080.0,1080.0,980.0,980.0,46043400,PGEO.JK,0.10769230769230775,914.25,895.965,0,Sell,0.0,0.8237450927317651,False,False,,,,None
31260,2025-05-16,1270.0,1270.0,1325.0,1110.0,1110.0,357890700,PGEO.JK,0.17592592592592582,935.75,917.035,0,Sell,0.0,0.8237450927317651,False,False,,,,None
31261,2025-05-19,1240.0,1240.0,1315.0,1230.0,1285.0,108295900,PGEO.JK,-0.023622047244094446,954.75,935.655,0,Sell,-0.0,0.8237450927317651,False,False,,,,None
31262,2025-05-20,1300.0,1300.0,1405.0,1260.0,1260.0,313859900,PGEO.JK,0.048387096774193505,978.0,958.4399999999999,0,Sell,0.0,0.8237450927317651,False,False,,,,None
31263,2025-05-21,1395.0,1395.0,1470.0,1295.0,1325.0,424993300,PGEO.JK,0.07307692307692304,1005.75,985.635,0,Sell,0.0,0.8237450927317651,False,False,,,,None
31264,2025-05-22,1365.0,1365.0,1420.0,1360.0,1410.0,158215800,PGEO.JK,-0.021505376344086002,1031.5,1010.87,0,Sell,-0.0,0.8237450927317651,False,False,,,,None
31265,2025-05-23,1335.0,1335.0,1375.0,1315.0,1365.0,75247700,PGEO.JK,-0.02197802197802201,1055.0,1033.9,0,Sell,-0.0,0.8237450927317651,False,False,,,,None
31266,2025-05-26,1350.0,1350.0,1350.0,1260.0,1325.0,179136000,PGEO.JK,0.011235955056179803,1079.25,1057.665,0,Sell,0.0,0.8237450927317651,False,False,,,,None
31267,2025-05-27,1345.0,1345.0,1410.0,1320.0,1380.0,207423600,PGEO.JK,-0.0037037037037036535,1100.5,1078.49,0,Sell,-0.0,0.8237450927317651,False,False,,,,None
31268,2025-05-28,1350.0,1350.0,1355.0,1310.0,1350.0,75770500,PGEO.JK,0.0037174721189590088,1119.75,1097.355,0,Sell,0.0,0.8237450927317651,False,False,,,,None
31269,2025-06-02,1305.0,1305.0,1350.0,1290.0,1350.0,79937400,PGEO.JK,-0.033333333333333326,1138.75,1115.975,0,Sell,-0.0,0.8237450927317651,False,False,,,,None
31270,2025-06-03,1315.0,1315.0,1355.0,1300.0,1300.0,97197100,PGEO.JK,0.00766283524904221,1157.5,1134.35,0,Sell,0.0,0.8237450927317651,False,False,,,,None
31271,2025-06-04,1310.0,1310.0,1365.0,1290.0,1325.0,127540900,PGEO.JK,-0.0038022813688213253,1177.5,1153.95,0,Sell,-0.0,0.8237450927317651,False,False,,,,None
31272,2025-06-05,1335.0,1335.0,1350.0,1300.0,1310.0,134376100,PGEO.JK,0.01908396946564883,1198.5,1174.53,0,Sell,0.0,0.8237450927317651,False,False,,,,None
31273,2025-06-10,1360.0,1360.0,1430.0,1350.0,1350.0,264597100,PGEO.JK,0.01872659176029967,1220.75,1196.335,0,Sell,0.0,0.8237450927317651,False,False,,,,None
31274,2025-06-11,1355.0,1355.0,1390.0,1345.0,1385.0,84697400,PGEO.JK,-0.003676470588235281,1241.5,1216.67,0,Sell,-0.0,0.8237450927317651,False,False,,,,None
31275,2025-06-12,1495.0,1495.0,1495.0,1335.0,1355.0,267989300,PGEO.JK,0.10332103321033204,1269.0,1243.62,0,Sell,0.0,0.8237450927317651,False,False,,,,None
31276,2025-06-13,1435.0,1435.0,1475.0,1415.0,1460.0,149723400,PGEO.JK,-0.04013377926421402,1293.0,1267.1399999999999,0,Sell,-0.0,0.8237450927317651,False,False,,,,None
31277,2025-06-16,1565.0,1565.0,1565.0,1400.0,1410.0,303901100,PGEO.JK,0.09059233449477344,1324.0,1297.52,0,Sell,0.0,0.8237450927317651,False,False,,,,None
31278,2025-06-17,1610.0,1610.0,1650.0,1540.0,1595.0,276517200,PGEO.JK,0.028753993610223683,1355.75,1328.635,0,Sell,0.0,0.8237450927317651,False,False,,,,None
31279,2025-06-18,1560.0,1560.0,1620.0,1515.0,1610.0,196289500,PGEO.JK,-0.03105590062111796,1379.75,1352.155,0,Sell,-0.0,0.8237450927317651,False,False,,,,None
31280,2025-06-19,1470.0,1470.0,1555.0,1450.0,1550.0,131912900,PGEO.JK,-0.05769230769230771,1389.75,1361.955,0,Sell,-0.0,0.8237450927317651,False,False,,,,None
31281,2025-06-20,1385.0,1385.0,1490.0,1385.0,1470.0,160332200,PGEO.JK,-0.05782312925170063,1397.0,1369.06,0,Sell,-0.0,0.8237450927317651,False,False,,,,None
31282,2025-06-23,1320.0,1320.0,1360.0,1280.0,1315.0,160655700,PGEO.JK,-0.04693140794223827,1398.0,1370.04,1,Buy,-0.0,0.8237450927317651,True,False,0.059284684704180135,2025-06-30,1415.0,Win
31283,2025-06-24,1325.0,1325.0,1380.0,1265.0,1370.0,179643400,PGEO.JK,0.0037878787878788955,1394.5,1366.61,1,Buy,0.0037878787878788955,0.826865339295143,False,False,,,,None
31284,2025-06-25,1320.0,1320.0,1370.0,1315.0,1350.0,112204000,PGEO.JK,-0.0037735849056603765,1392.25,1364.405,1,Buy,-0.0037735849056603765,0.8237450927317651,False,False,,,,None
31285,2025-06-26,1325.0,1325.0,1350.0,1310.0,1340.0,50154400,PGEO.JK,0.0037878787878788955,1391.75,1363.915,1,Buy,0.0037878787878788955,0.826865339295143,False,False,,,,None
31286,2025-06-30,1415.0,1415.0,1415.0,1335.0,1355.0,201873800,PGEO.JK,0.06792452830188678,1395.0,1367.1,0,Sell,0.06792452830188678,0.8830297774359452,False,True,,,,None
31287,2025-07-01,1385.0,1385.0,1435.0,1385.0,1405.0,75658700,PGEO.JK,-0.021201413427561877,1397.0,1369.06,0,Sell,-0.0,0.8830297774359452,False,False,,,,None
31288,2025-07-02,1360.0,1360.0,1395.0,1345.0,1395.0,66693600,PGEO.JK,-0.018050541516245522,1397.5,1369.55,1,Buy,-0.0,0.8830297774359452,True,False,0.05194292808446743,2025-07-03,1440.0,Win
31289,2025-07-03,1440.0,1440.0,1450.0,1370.0,1370.0,81555900,PGEO.JK,0.05882352941176472,1404.25,1376.165,0,Sell,0.05882352941176472,0.9349727055204127,False,True,,,,None
31290,2025-07-04,1405.0,1405.0,1465.0,1400.0,1465.0,54728800,PGEO.JK,-0.02430555555555558,1408.75,1380.575,0,Sell,-0.0,0.9349727055204127,False,False,,,,None
31291,2025-07-07,1430.0,1430.0,1440.0,1395.0,1415.0,64364400,PGEO.JK,0.017793594306049876,1414.75,1386.455,0,Sell,0.0,0.9349727055204127,False,False,,,,None
31292,2025-07-08,1465.0,1465.0,1500.0,1435.0,1435.0,128388700,PGEO.JK,0.02447552447552437,1421.25,1392.825,0,Sell,0.0,0.9349727055204127,False,False,,,,None
31293,2025-07-09,1475.0,1475.0,1480.0,1445.0,1465.0,44593700,PGEO.JK,0.006825938566553003,1427.0,1398.46,0,Sell,0.0,0.9349727055204127,False,False,,,,None
31294,2025-07-10,1480.0,1480.0,1515.0,1470.0,1480.0,71736200,PGEO.JK,0.003389830508474523,1433.25,1404.585,0,Sell,0.0,0.9349727055204127,False,False,,,,None
31295,2025-07-11,1490.0,1490.0,1515.0,1480.0,1500.0,64325300,PGEO.JK,0.006756756756756799,1433.0,1404.34,0,Sell,0.0,0.9349727055204127,False,False,,,,None
31296,2025-07-14,1480.0,1480.0,1505.0,1460.0,1495.0,104462400,PGEO.JK,-0.006711409395973145,1435.25,1406.545,0,Sell,-0.0,0.9349727055204127,False,False,,,,None
31297,2025-07-15,1635.0,1635.0,1645.0,1500.0,1510.0,262154300,PGEO.JK,0.10472972972972983,1438.75,1409.975,0,Sell,0.0,0.9349727055204127,False,False,,,,None
31298,2025-07-16,1610.0,1610.0,1645.0,1530.0,1645.0,158944300,PGEO.JK,-0.015290519877675823,1438.75,1409.975,0,Sell,-0.0,0.9349727055204127,False,False,,,,None
31299,2025-07-17,1630.0,1630.0,1710.0,1570.0,1575.0,194540300,PGEO.JK,0.012422360248447228,1442.25,1413.405,0,Sell,0.0,0.9349727055204127,False,False,,,,None
31300,2025-07-18,1655.0,1655.0,1735.0,1630.0,1655.0,192491100,PGEO.JK,0.015337423312883347,1451.5,1422.47,0,Sell,0.0,0.9349727055204127,False,False,,,,None
31301,2025-07-21,1670.0,1670.0,1720.0,1630.0,1660.0,111039700,PGEO.JK,0.009063444108761365,1465.75,1436.435,0,Sell,0.0,0.9349727055204127,False,False,,,,None
31302,2025-07-22,1585.0,1585.0,1690.0,1580.0,1675.0,136827600,PGEO.JK,-0.050898203592814384,1479.0,1449.42,0,Sell,-0.0,0.9349727055204127,False,False,,,,None
31303,2025-07-23,1635.0,1635.0,1635.0,1555.0,1585.0,94755800,PGEO.JK,0.03154574132492116,1494.5,1464.61,0,Sell,0.0,0.9349727055204127,False,False,,,,None
31304,2025-07-24,1600.0,1600.0,1670.0,1595.0,1650.0,69056200,PGEO.JK,-0.021406727828746197,1508.5,1478.33,0,Sell,-0.0,0.9349727055204127,False,False,,,,None
31305,2025-07-25,1620.0,1620.0,1625.0,1585.0,1610.0,51235600,PGEO.JK,0.012499999999999956,1523.25,1492.785,0,Sell,0.0,0.9349727055204127,False,False,,,,None
31306,2025-07-28,1690.0,1690.0,1710.0,1630.0,1630.0,105682100,PGEO.JK,0.043209876543209846,1537.0,1506.26,0,Sell,0.0,0.9349727055204127,False,False,,,,None
31307,2025-07-29,1830.0,1830.0,1855.0,1675.0,1690.0,243073800,PGEO.JK,0.08284023668639051,1559.25,1528.065,0,Sell,0.0,0.9349727055204127,False,False,,,,None
31308,2025-07-30,1705.0,1705.0,1835.0,1680.0,1830.0,250404500,PGEO.JK,-0.06830601092896171,1576.5,1544.97,0,Sell,-0.0,0.9349727055204127,False,False,,,,None
31309,2025-07-31,1655.0,1655.0,1700.0,1630.0,1680.0,142168800,PGEO.JK,-0.029325513196480912,1587.25,1555.5049999999999,0,Sell,-0.0,0.9349727055204127,False,False,,,,None
31310,2025-08-01,1685.0,1685.0,1705.0,1605.0,1645.0,161157400,PGEO.JK,0.01812688821752273,1601.25,1569.225,0,Sell,0.0,0.9349727055204127,False,False,,,,None
31311,2025-08-04,1610.0,1610.0,1700.0,1590.0,1700.0,128174500,PGEO.JK,-0.04451038575667654,1610.25,1578.045,0,Sell,-0.0,0.9349727055204127,False,False,,,,None
31312,2025-08-05,1585.0,1585.0,1630.0,1565.0,1615.0,86192400,PGEO.JK,-0.01552795031055898,1616.25,1583.925,0,Sell,-0.0,0.9349727055204127,False,False,,,,None
31313,2025-08-06,1605.0,1605.0,1665.0,1595.0,1630.0,125541600,PGEO.JK,0.012618296529968376,1622.75,1590.295,0,Sell,0.0,0.9349727055204127,False,False,,,,None
31314,2025-08-07,1595.0,1595.0,1635.0,1585.0,1615.0,65353000,PGEO.JK,-0.006230529595015577,1628.5,1595.93,1,Buy,-0.0,0.9349727055204127,True,False,-0.04103328488177349,2025-08-13,1525.0,Loss
31315,2025-08-08,1625.0,1625.0,1650.0,1610.0,1630.0,81273700,PGEO.JK,0.018808777429467183,1635.25,1602.545,1,Buy,0.018808777429467183,0.9525583990411729,False,False,,,,None
31316,2025-08-11,1565.0,1565.0,1645.0,1555.0,1635.0,115680700,PGEO.JK,-0.03692307692307695,1639.5,1606.71,1,Buy,-0.03692307692307695,0.9173870119996527,False,False,,,,None
31317,2025-08-12,1580.0,1580.0,1605.0,1555.0,1565.0,65903500,PGEO.JK,0.009584664536741228,1636.75,1604.0149999999999,1,Buy,0.009584664536741228,0.9261798587600327,False,False,,,,None
31318,2025-08-13,1525.0,1525.0,1600.0,1505.0,1595.0,141200300,PGEO.JK,-0.034810126582278444,1632.5,1599.85,0,Stop Loss,-0.034810126582278444,0.8939394206386392,False,True,,,,None
31319,2025-08-14,1540.0,1540.0,1560.0,1505.0,1530.0,75123400,PGEO.JK,0.009836065573770592,1628.0,1595.44,0,Stop Loss,0.0,0.8939394206386392,False,False,,,,None
31320,2025-08-15,1515.0,1515.0,1550.0,1510.0,1540.0,41082700,PGEO.JK,-0.016233766233766267,1621.0,1588.58,0,Stop Loss,-0.0,0.8939394206386392,False,False,,,,None
31321,2025-08-19,1465.0,1465.0,1520.0,1455.0,1515.0,76940600,PGEO.JK,-0.03300330033003296,1610.75,1578.535,0,Stop Loss,-0.0,0.8939394206386392,False,False,,,,None
31322,2025-08-20,1415.0,1415.0,1465.0,1400.0,1465.0,143532100,PGEO.JK,-0.03412969283276446,1602.25,1570.205,0,Stop Loss,-0.0,0.8939394206386392,False,False,,,,None
31323,2025-08-21,1420.0,1420.0,1465.0,1415.0,1415.0,85254200,PGEO.JK,0.0035335689045936647,1591.5,1559.67,0,Stop Loss,0.0,0.8939394206386392,False,False,,,,None
31324,2025-08-22,1415.0,1415.0,1445.0,1415.0,1425.0,42276100,PGEO.JK,-0.0035211267605633756,1582.25,1550.605,0,Stop Loss,-0.0,0.8939394206386392,False,False,,,,None
31325,2025-08-25,1440.0,1440.0,1455.0,1415.0,1425.0,45040900,PGEO.JK,0.0176678445229681,1573.25,1541.785,0,Stop Loss,0.0,0.8939394206386392,False,False,,,,None
31326,2025-08-26,1555.0,1555.0,1595.0,1430.0,1450.0,264631200,PGEO.JK,0.07986111111111116,1566.5,1535.17,0,Stop Loss,0.0,0.8939394206386392,False,False,,,,None
31327,2025-08-27,1540.0,1540.0,1615.0,1530.0,1575.0,118072300,PGEO.JK,-0.009646302250803873,1552.0,1520.96,0,Stop Loss,-0.0,0.8939394206386392,False,False,,,,None
31328,2025-08-28,1515.0,1515.0,1555.0,1510.0,1540.0,48586400,PGEO.JK,-0.016233766233766267,1542.5,1511.6499999999999,0,Stop Loss,-0.0,0.8939394206386392,False,False,,,,None
31329,2025-08-29,1460.0,1460.0,1495.0,1415.0,1490.0,100079100,PGEO.JK,-0.0363036303630363,1532.75,1502.095,0,Stop Loss,-0.0,0.8939394206386392,False,False,,,,None
31330,2025-09-01,1415.0,1415.0,1450.0,1310.0,1350.0,80765200,PGEO.JK,-0.03082191780821919,1519.25,1488.865,0,Stop Loss,-0.0,0.8939394206386392,False,False,,,,None
31331,2025-09-02,1465.0,1465.0,1485.0,1430.0,1430.0,42347100,PGEO.JK,0.035335689045936425,1512.0,1481.76,0,Stop Loss,0.0,0.8939394206386392,False,False,,,,None
31332,2025-09-03,1435.0,1435.0,1490.0,1435.0,1470.0,37030500,PGEO.JK,-0.020477815699658675,1504.5,1474.41,0,Stop Loss,-0.0,0.8939394206386392,False,False,,,,None
31333,2025-09-04,1445.0,1445.0,1465.0,1420.0,1435.0,29239600,PGEO.JK,0.006968641114982521,1496.5,1466.57,0,Stop Loss,0.0,0.8939394206386392,False,False,,,,None
31334,2025-09-08,1395.0,1395.0,1465.0,1385.0,1450.0,76909600,PGEO.JK,-0.03460207612456745,1486.5,1456.77,0,Stop Loss,-0.0,0.8939394206386392,False,False,,,,None
31335,2025-09-09,1380.0,1380.0,1425.0,1360.0,1395.0,43492700,PGEO.JK,-0.010752688172043001,1474.25,1444.7649999999999,0,Stop Loss,-0.0,0.8939394206386392,False,False,,,,None
31336,2025-09-10,1395.0,1395.0,1420.0,1390.0,1390.0,28403800,PGEO.JK,0.010869565217391353,1465.75,1436.435,0,Stop Loss,0.0,0.8939394206386392,False,False,,,,None
31337,2025-09-11,1405.0,1405.0,1425.0,1390.0,1405.0,36404200,PGEO.JK,0.007168458781362075,1457.0,1427.86,0,Stop Loss,0.0,0.8939394206386392,False,False,,,,None
31338,2025-09-12,1400.0,1400.0,1440.0,1390.0,1405.0,45950600,PGEO.JK,-0.003558718861209953,1450.75,1421.735,0,Stop Loss,-0.0,0.8939394206386392,False,False,,,,None
31339,2025-09-15,1390.0,1390.0,1415.0,1385.0,1400.0,32171500,PGEO.JK,-0.0071428571428571175,1443.25,1414.385,0,Stop Loss,-0.0,0.8939394206386392,False,False,,,,None
31340,2025-09-16,1360.0,1360.0,1400.0,1345.0,1390.0,57874600,PGEO.JK,-0.021582733812949617,1435.5,1406.79,0,Stop Loss,-0.0,0.8939394206386392,False,False,,,,None
31341,2025-09-17,1340.0,1340.0,1365.0,1305.0,1360.0,53840800,PGEO.JK,-0.014705882352941124,1429.25,1400.665,0,Stop Loss,-0.0,0.8939394206386392,False,False,,,,None
31342,2025-09-18,1325.0,1325.0,1380.0,1325.0,1345.0,61674300,PGEO.JK,-0.011194029850746245,1424.75,1396.2549999999999,0,Stop Loss,-0.0,0.8939394206386392,False,False,,,,None
31343,2025-09-19,1340.0,1340.0,1345.0,1305.0,1310.0,48010900,PGEO.JK,0.01132075471698113,1420.75,1392.335,0,Stop Loss,0.0,0.8939394206386392,False,False,,,,None
31344,2025-09-22,1320.0,1320.0,1345.0,1310.0,1340.0,38103400,PGEO.JK,-0.014925373134328401,1416.0,1387.68,0,Stop Loss,-0.0,0.8939394206386392,False,False,,,,None
31345,2025-09-23,1410.0,1410.0,1415.0,1310.0,1320.0,130337900,PGEO.JK,0.06818181818181812,1414.5,1386.21,0,Stop Loss,0.0,0.8939394206386392,False,False,,,,None
31346,2025-09-24,1380.0,1380.0,1420.0,1370.0,1415.0,70194900,PGEO.JK,-0.021276595744680882,1405.75,1377.635,0,Stop Loss,-0.0,0.8939394206386392,False,False,,,,None
31347,2025-09-25,1325.0,1325.0,1405.0,1325.0,1375.0,40813100,PGEO.JK,-0.03985507246376807,1395.0,1367.1,0,Stop Loss,-0.0,0.8939394206386392,False,False,,,,None
31348,2025-09-26,1345.0,1345.0,1380.0,1330.0,1330.0,30109400,PGEO.JK,0.015094339622641506,1386.5,1358.77,0,Stop Loss,0.0,0.8939394206386392,False,False,,,,None
