,Date,Adj Close,Close,High,Low,Open,Volume,Ticker,Return,SMA20,LowerBand,Signal,Strategy Return,Equity Curve,Buy,Sell,Trx Return,Sell Date,Sell Close,Win Loss
19,2023-11-03,4134.0166015625,4140.0,4190.0,3870.0,4050.0,54842200,BREN.JK,0.022222222222222143,3339.25,3272.465,0,,,False,False,,,,None
20,2023-11-06,4283.80029296875,4290.0,4310.0,4110.0,4150.0,28846900,BREN.JK,0.03623188405797095,3505.0,3434.9,0,0.0,1.0,False,False,,,,None
21,2023-11-07,4383.6552734375,4390.0,4410.0,4260.0,4300.0,26103200,BREN.JK,0.02331002331002341,3663.75,3590.475,0,0.0,1.0,False,False,,,,None
22,2023-11-08,4393.64111328125,4400.0,4440.0,4340.0,4380.0,18257700,BREN.JK,0.002277904328018332,3808.0,3731.84,0,0.0,1.0,False,False,,,,None
23,2023-11-09,5217.44921875,5225.0,5400.0,4350.0,4400.0,111849600,BREN.JK,0.1875,3974.75,3895.255,0,0.0,1.0,False,False,,,,None
24,2023-11-10,5217.44921875,5225.0,5225.0,5225.0,5225.0,0,BREN.JK,0.0,4118.0,4035.64,0,0.0,1.0,False,False,,,,None
25,2023-11-13,5292.33984375,5300.0,5500.0,5000.0,5250.0,69960400,BREN.JK,0.014354066985645897,4245.5,4160.59,0,0.0,1.0,False,False,,,,None
26,2023-11-14,5367.23193359375,5375.0,5425.0,5250.0,5325.0,24752100,BREN.JK,0.014150943396226356,4342.75,4255.8949999999995,0,0.0,1.0,False,False,,,,None
27,2023-11-15,5716.7255859375,5725.0,5950.0,5325.0,5400.0,63375300,BREN.JK,0.06511627906976747,4439.5,4350.71,0,0.0,1.0,False,False,,,,None
28,2023-11-16,5691.7626953125,5700.0,6050.0,5300.0,5775.0,61909300,BREN.JK,-0.004366812227074246,4522.0,4431.5599999999995,0,-0.0,1.0,False,False,,,,None
29,2023-11-17,6315.85888671875,6325.0,6350.0,5675.0,5725.0,60573100,BREN.JK,0.10964912280701755,4636.75,4544.015,0,0.0,1.0,False,False,,,,None
30,2023-11-20,6790.17236328125,6800.0,6900.0,6350.0,6400.0,53008600,BREN.JK,0.07509881422924902,4789.75,4693.955,0,0.0,1.0,False,False,,,,None
31,2023-11-21,6265.93115234375,6275.0,6950.0,6200.0,6825.0,80088500,BREN.JK,-0.07720588235294112,4913.5,4815.23,0,-0.0,1.0,False,False,,,,None
32,2023-11-22,5641.8349609375,5650.0,6275.0,5500.0,6275.0,92961400,BREN.JK,-0.09960159362549803,5005.0,4904.9,0,-0.0,1.0,False,False,,,,None
33,2023-11-23,6420.1572265625,6425.0,6450.0,5700.0,5700.0,52116100,BREN.JK,0.13716814159292046,5136.25,5033.525,0,0.0,1.0,False,False,,,,None
34,2023-11-24,6070.42138671875,6075.0,6600.0,6000.0,6475.0,35573700,BREN.JK,-0.054474708171206254,5237.0,5132.26,0,-0.0,1.0,False,False,,,,None
35,2023-11-27,5945.51513671875,5950.0,6150.0,5800.0,6075.0,27030500,BREN.JK,-0.020576131687242816,5309.5,5203.3099999999995,0,-0.0,1.0,False,False,,,,None
36,2023-11-28,6245.2890625,6250.0,6300.0,5900.0,5975.0,38044200,BREN.JK,0.050420168067226934,5393.0,5285.14,0,0.0,1.0,False,False,,,,None
37,2023-11-29,6120.3837890625,6125.0,6300.0,6100.0,6300.0,28091900,BREN.JK,-0.020000000000000018,5484.75,5375.055,0,-0.0,1.0,False,False,,,,None
38,2023-11-30,6869.818359375,6875.0,7075.0,6125.0,6150.0,76689700,BREN.JK,0.12244897959183665,5626.0,5513.48,0,0.0,1.0,False,False,,,,None
39,2023-12-01,6794.87451171875,6800.0,7100.0,6500.0,6925.0,49599600,BREN.JK,-0.010909090909090868,5759.0,5643.82,0,-0.0,1.0,False,False,,,,None
40,2023-12-04,6844.8369140625,6850.0,7050.0,6575.0,6800.0,39120700,BREN.JK,0.007352941176470562,5887.0,5769.26,0,0.0,1.0,False,False,,,,None
41,2023-12-05,6819.85595703125,6825.0,7050.0,6475.0,6850.0,50994200,BREN.JK,-0.0036496350364964014,6008.75,5888.575,0,-0.0,1.0,False,False,,,,None
42,2023-12-06,7194.5732421875,7200.0,7375.0,6800.0,6850.0,68123500,BREN.JK,0.05494505494505497,6148.75,6025.775,0,0.0,1.0,False,False,,,,None
43,2023-12-07,7744.15869140625,7750.0,7775.0,7125.0,7200.0,57980500,BREN.JK,0.07638888888888884,6275.0,6149.5,0,0.0,1.0,False,False,,,,None
44,2023-12-08,8043.9326171875,8050.0,8175.0,7750.0,7800.0,50224300,BREN.JK,0.03870967741935494,6416.25,6287.925,0,0.0,1.0,False,False,,,,None
45,2023-12-11,7594.271484375,7600.0,8050.0,7500.0,7950.0,38133500,BREN.JK,-0.05590062111801242,6531.25,6400.625,0,-0.0,1.0,False,False,,,,None
46,2023-12-12,7644.23388671875,7650.0,7875.0,7225.0,7600.0,34839300,BREN.JK,0.006578947368421018,6645.0,6512.099999999999,0,0.0,1.0,False,False,,,,None
47,2023-12-13,7569.29052734375,7575.0,7750.0,7425.0,7675.0,14746100,BREN.JK,-0.009803921568627416,6737.5,6602.75,0,-0.0,1.0,False,False,,,,None
48,2023-12-14,7194.5732421875,7200.0,7625.0,7025.0,7575.0,29173400,BREN.JK,-0.04950495049504955,6812.5,6676.25,0,-0.0,1.0,False,False,,,,None
49,2023-12-15,7394.42236328125,7400.0,7500.0,7100.0,7200.0,22179600,BREN.JK,0.02777777777777768,6866.25,6728.925,0,0.0,1.0,False,False,,,,None
50,2023-12-18,7144.61083984375,7150.0,7650.0,7100.0,7300.0,18483400,BREN.JK,-0.03378378378378377,6883.75,6746.075,0,-0.0,1.0,False,False,,,,None
51,2023-12-19,7319.47900390625,7325.0,7450.0,6950.0,7150.0,21446100,BREN.JK,0.02447552447552437,6936.25,6797.525,0,0.0,1.0,False,False,,,,None
52,2023-12-20,7444.38427734375,7450.0,7550.0,7225.0,7350.0,21918400,BREN.JK,0.017064846416382284,7026.25,6885.724999999999,0,0.0,1.0,False,False,,,,None
53,2023-12-21,7494.3466796875,7500.0,7550.0,7350.0,7450.0,11927700,BREN.JK,0.006711409395973256,7080.0,6938.4,0,0.0,1.0,False,False,,,,None
54,2023-12-22,7494.3466796875,7500.0,7650.0,7375.0,7500.0,17981700,BREN.JK,0.0,7151.25,7008.224999999999,0,0.0,1.0,False,False,,,,None
55,2023-12-27,7644.23388671875,7650.0,8200.0,7450.0,7500.0,42756100,BREN.JK,0.020000000000000018,7236.25,7091.525,0,0.0,1.0,False,False,,,,None
56,2023-12-28,7669.21533203125,7675.0,7775.0,7500.0,7650.0,13392200,BREN.JK,0.0032679738562091387,7307.5,7161.349999999999,0,0.0,1.0,False,False,,,,None
57,2023-12-29,7469.36572265625,7475.0,7825.0,7400.0,7675.0,15244000,BREN.JK,-0.026058631921824116,7375.0,7227.5,0,-0.0,1.0,False,False,,,,None
58,2024-01-02,7594.271484375,7600.0,7725.0,7375.0,7500.0,15012300,BREN.JK,0.01672240802675584,7411.25,7263.025,0,0.0,1.0,False,False,,,,None
59,2024-01-03,7569.29052734375,7575.0,7650.0,7500.0,7650.0,6026800,BREN.JK,-0.003289473684210509,7450.0,7301.0,0,-0.0,1.0,False,False,,,,None
60,2024-01-04,7519.328125,7525.0,7700.0,7500.0,7575.0,12323500,BREN.JK,-0.0066006600660065695,7483.75,7334.075,0,-0.0,1.0,False,False,,,,None
61,2024-01-05,7219.55419921875,7225.0,7600.0,7225.0,7575.0,16149400,BREN.JK,-0.039867109634551534,7503.75,7353.675,1,-0.0,1.0,True,False,-0.28373702422145364,2024-02-05,5175.0,Loss
62,2024-01-08,6744.912109375,6750.0,7325.0,6700.0,7225.0,30456400,BREN.JK,-0.06574394463667821,7481.25,7331.625,1,-0.06574394463667821,0.9342560553633218,False,False,,,,None
63,2024-01-09,5395.9296875,5400.0,6850.0,5400.0,6750.0,100068600,BREN.JK,-0.19999999999999996,7363.75,7216.474999999999,1,-0.19999999999999996,0.7474048442906575,False,False,,,,None
64,2024-01-10,5670.72265625,5675.0,5925.0,4900.0,5300.0,78655800,BREN.JK,0.05092592592592582,7245.0,7100.099999999999,1,0.05092592592592582,0.7854671280276816,False,False,,,,None
65,2024-01-11,5046.193359375,5050.0,5775.0,4950.0,5725.0,53028700,BREN.JK,-0.11013215859030834,7117.5,6975.15,1,-0.11013215859030834,0.6989619377162629,False,False,,,,None
66,2024-01-12,4696.45751953125,4700.0,5300.0,4610.0,5050.0,63660700,BREN.JK,-0.06930693069306926,6970.0,6830.599999999999,1,-0.06930693069306926,0.6505190311418685,False,False,,,,None
67,2024-01-15,4696.45751953125,4700.0,4700.0,4700.0,4700.0,0,BREN.JK,0.0,6826.25,6689.724999999999,1,0.0,0.6505190311418685,False,False,,,,None
68,2024-01-16,4876.32177734375,4880.0,4990.0,4320.0,4450.0,70243100,BREN.JK,0.038297872340425476,6710.25,6576.045,1,0.038297872340425476,0.675432525951557,False,False,,,,None
69,2024-01-17,5146.1181640625,5150.0,5200.0,4640.0,4900.0,65649600,BREN.JK,0.055327868852458995,6597.75,6465.795,1,0.055327868852458995,0.7128027681660899,False,False,,,,None
70,2024-01-18,5645.74169921875,5650.0,5925.0,5000.0,5150.0,87583400,BREN.JK,0.09708737864077666,6522.75,6392.295,1,0.09708737864077666,0.7820069204152248,False,False,,,,None
71,2024-01-19,5096.15576171875,5100.0,5750.0,5075.0,5650.0,49338700,BREN.JK,-0.09734513274336287,6411.5,6283.2699999999995,1,-0.09734513274336287,0.7058823529411763,False,False,,,,None
72,2024-01-22,5345.96728515625,5350.0,5500.0,4940.0,5175.0,43627700,BREN.JK,0.0490196078431373,6306.5,6180.37,1,0.0490196078431373,0.7404844290657437,False,False,,,,None
73,2024-01-23,5570.7978515625,5575.0,5625.0,5350.0,5375.0,36952000,BREN.JK,0.0420560747663552,6210.25,6086.045,1,0.0420560747663552,0.7716262975778545,False,False,,,,None
74,2024-01-24,5370.94873046875,5375.0,5775.0,5250.0,5600.0,40178600,BREN.JK,-0.0358744394618834,6104.0,5981.92,1,-0.0358744394618834,0.7439446366782005,False,False,,,,None
75,2024-01-25,5246.04296875,5250.0,5525.0,5250.0,5375.0,11912100,BREN.JK,-0.023255813953488413,5984.0,5864.32,1,-0.023255813953488413,0.7266435986159168,False,False,,,,None
76,2024-01-26,5196.08056640625,5200.0,5275.0,4990.0,5250.0,22713900,BREN.JK,-0.00952380952380949,5860.25,5743.045,1,-0.00952380952380949,0.7197231833910033,False,False,,,,None
77,2024-01-29,5021.21240234375,5025.0,5375.0,5000.0,5250.0,13895700,BREN.JK,-0.033653846153846145,5737.75,5622.995,1,-0.033653846153846145,0.695501730103806,False,False,,,,None
78,2024-01-30,5021.21240234375,5025.0,5150.0,4850.0,5050.0,22206200,BREN.JK,0.0,5609.0,5496.82,1,0.0,0.695501730103806,False,False,,,,None
79,2024-01-31,4946.26904296875,4950.0,5100.0,4920.0,5025.0,11020900,BREN.JK,-0.014925373134328401,5477.75,5368.195,1,-0.014925373134328401,0.6851211072664357,False,False,,,,None
80,2024-02-01,4846.3447265625,4850.0,4970.0,4850.0,4860.0,11197200,BREN.JK,-0.02020202020202022,5344.0,5237.12,1,-0.02020202020202022,0.6712802768166087,False,False,,,,None
81,2024-02-02,4946.26904296875,4950.0,4950.0,4770.0,4830.0,12812900,BREN.JK,0.020618556701030855,5230.25,5125.6449999999995,1,0.020618556701030855,0.6851211072664357,False,False,,,,None
82,2024-02-05,5171.099609375,5175.0,5250.0,4950.0,4960.0,21611100,BREN.JK,0.045454545454545414,5151.5,5048.47,0,0.045454545454545414,0.7162629757785464,False,True,,,,None
83,2024-02-06,5595.779296875,5600.0,5625.0,5125.0,5200.0,37579800,BREN.JK,0.08212560386473422,5161.5,5058.2699999999995,0,0.0,0.7162629757785464,False,False,,,,None
84,2024-02-07,5395.9296875,5400.0,5800.0,5400.0,5600.0,40129200,BREN.JK,-0.0357142857142857,5147.75,5044.795,0,-0.0,0.7162629757785464,False,False,,,,None
85,2024-02-12,5445.89208984375,5450.0,5550.0,5350.0,5375.0,13497400,BREN.JK,0.0092592592592593,5167.75,5064.3949999999995,0,0.0,0.7162629757785464,False,False,,,,None
86,2024-02-13,5046.193359375,5050.0,5400.0,4960.0,5300.0,24426100,BREN.JK,-0.07339449541284404,5185.25,5081.545,1,-0.0,0.7162629757785464,True,False,0.06027955736750146,2024-02-16,5475.0,Win
87,2024-02-15,5121.13720703125,5125.0,5250.0,5050.0,5250.0,8823500,BREN.JK,0.014851485148514865,5206.5,5102.37,1,0.014851485148514865,0.7269005447257525,False,False,,,,None
88,2024-02-16,5470.873046875,5475.0,5550.0,5125.0,5125.0,23471500,BREN.JK,0.06829268292682933,5236.25,5131.525,0,0.06829268292682933,0.7765425331460478,False,True,,,,None
89,2024-02-19,5495.8544921875,5500.0,5700.0,5475.0,5500.0,16293100,BREN.JK,0.004566210045662045,5253.75,5148.675,0,0.0,0.7765425331460478,False,False,,,,None
90,2024-02-20,5495.8544921875,5500.0,5600.0,5350.0,5500.0,7225000,BREN.JK,0.0,5246.25,5141.325,0,0.0,0.7765425331460478,False,False,,,,None
91,2024-02-21,5495.8544921875,5500.0,5675.0,5400.0,5525.0,8289400,BREN.JK,0.0,5266.25,5160.925,0,0.0,0.7765425331460478,False,False,,,,None
92,2024-02-22,5570.7978515625,5575.0,5675.0,5500.0,5500.0,9897400,BREN.JK,0.013636363636363669,5277.5,5171.95,0,0.0,0.7765425331460478,False,False,,,,None
93,2024-02-23,5495.8544921875,5500.0,5675.0,5475.0,5675.0,7899600,BREN.JK,-0.013452914798206317,5273.75,5168.275,0,-0.0,0.7765425331460478,False,False,,,,None
94,2024-02-26,5495.8544921875,5500.0,5625.0,5450.0,5500.0,5992200,BREN.JK,0.0,5280.0,5174.4,0,0.0,0.7765425331460478,False,False,,,,None
95,2024-02-27,5495.8544921875,5500.0,5700.0,5500.0,5700.0,4676700,BREN.JK,0.0,5292.5,5186.65,0,0.0,0.7765425331460478,False,False,,,,None
96,2024-02-28,5945.51513671875,5950.0,6050.0,5500.0,5500.0,32515800,BREN.JK,0.08181818181818179,5330.0,5223.4,0,0.0,0.7765425331460478,False,False,,,,None
97,2024-02-29,6045.43994140625,6050.0,6225.0,5950.0,5950.0,20983000,BREN.JK,0.01680672268907557,5381.25,5273.625,0,0.0,0.7765425331460478,False,False,,,,None
98,2024-03-01,6195.32666015625,6200.0,6250.0,5975.0,6075.0,17035800,BREN.JK,0.024793388429751984,5440.0,5331.2,0,0.0,0.7765425331460478,False,False,,,,None
99,2024-03-04,6120.3837890625,6125.0,6375.0,6075.0,6300.0,10333200,BREN.JK,-0.012096774193548376,5498.75,5388.775,0,-0.0,0.7765425331460478,False,False,,,,None
100,2024-03-05,5895.552734375,5900.0,6200.0,5900.0,6150.0,11693200,BREN.JK,-0.03673469387755102,5551.25,5440.224999999999,0,-0.0,0.7765425331460478,False,False,,,,None
101,2024-03-06,5995.4775390625,6000.0,6100.0,5800.0,5900.0,11782200,BREN.JK,0.016949152542372836,5603.75,5491.675,0,0.0,0.7765425331460478,False,False,,,,None
102,2024-03-07,6245.2890625,6250.0,6300.0,6000.0,6050.0,15735100,BREN.JK,0.04166666666666674,5657.5,5544.349999999999,0,0.0,0.7765425331460478,False,False,,,,None
103,2024-03-08,6120.3837890625,6125.0,6350.0,6125.0,6250.0,8847000,BREN.JK,-0.020000000000000018,5683.75,5570.075,0,-0.0,0.7765425331460478,False,False,,,,None
104,2024-03-13,6145.3642578125,6150.0,6275.0,6000.0,6125.0,10280200,BREN.JK,0.004081632653061273,5721.25,5606.825,0,0.0,0.7765425331460478,False,False,,,,None
105,2024-03-14,5895.552734375,5900.0,6225.0,5850.0,6150.0,15583100,BREN.JK,-0.04065040650406504,5743.75,5628.875,0,-0.0,0.7765425331460478,False,False,,,,None
106,2024-03-15,5545.81689453125,5550.0,5950.0,5550.0,5925.0,23637300,BREN.JK,-0.05932203389830504,5768.75,5653.375,1,-0.0,0.7765425331460478,True,False,0.024485575369469825,2024-04-02,5725.0,Win
107,2024-03-18,5171.099609375,5175.0,5600.0,5100.0,5550.0,14212600,BREN.JK,-0.06756756756756754,5771.25,5655.825,1,-0.06756756756756754,0.7240734430686122,False,False,,,,None
108,2024-03-19,5345.96728515625,5350.0,5400.0,5100.0,5200.0,6320700,BREN.JK,0.033816425120772875,5765.0,5649.7,1,0.033816425120772875,0.7485590184380821,False,False,,,,None
109,2024-03-20,5395.9296875,5400.0,5475.0,5225.0,5350.0,8111400,BREN.JK,0.009345794392523255,5760.0,5644.8,1,0.009345794392523255,0.7555548971150735,False,False,,,,None
110,2024-03-21,5345.96728515625,5350.0,5550.0,5325.0,5400.0,7186600,BREN.JK,-0.0092592592592593,5752.5,5637.45,1,-0.0092592592592593,0.748559018438082,False,False,,,,None
111,2024-03-22,5345.96728515625,5350.0,5425.0,5275.0,5400.0,3728700,BREN.JK,0.0,5745.0,5630.099999999999,1,0.0,0.748559018438082,False,False,,,,None
112,2024-03-25,5345.96728515625,5350.0,5350.0,5350.0,5350.0,0,BREN.JK,0.0,5733.75,5619.075,1,0.0,0.748559018438082,False,False,,,,None
113,2024-03-26,5345.96728515625,5350.0,5350.0,5350.0,5350.0,0,BREN.JK,0.0,5726.25,5611.724999999999,1,0.0,0.748559018438082,False,False,,,,None
114,2024-03-27,5445.89208984375,5450.0,5475.0,5300.0,5475.0,5390600,BREN.JK,0.01869158878504673,5723.75,5609.275,1,0.01869158878504673,0.7625507757920649,False,False,,,,None
115,2024-03-28,5370.94873046875,5375.0,5450.0,5325.0,5450.0,2727000,BREN.JK,-0.013761467889908285,5717.5,5603.15,1,-0.013761467889908285,0.7520569577765778,False,False,,,,None
116,2024-04-01,5395.9296875,5400.0,5500.0,5225.0,5375.0,4999900,BREN.JK,0.0046511627906977715,5690.0,5576.2,1,0.0046511627906977715,0.7555548971150735,False,False,,,,None
117,2024-04-02,5720.6845703125,5725.0,5725.0,5375.0,5400.0,10248500,BREN.JK,0.06018518518518512,5673.75,5560.275,0,0.06018518518518512,0.8010281085155176,False,True,,,,None
118,2024-04-03,5670.72265625,5675.0,5950.0,5600.0,5725.0,13411500,BREN.JK,-0.008733624454148492,5647.5,5534.55,0,-0.0,0.8010281085155176,False,False,,,,None
119,2024-04-04,5870.57177734375,5875.0,5900.0,5675.0,5775.0,6684400,BREN.JK,0.03524229074889873,5635.0,5522.3,0,0.0,0.8010281085155176,False,False,,,,None
120,2024-04-05,6919.7802734375,6925.0,6925.0,5850.0,5900.0,67105300,BREN.JK,0.17872340425531918,5686.25,5572.525,0,0.0,0.8010281085155176,False,False,,,,None
121,2024-04-16,7469.36572265625,7475.0,7600.0,6350.0,6775.0,74828100,BREN.JK,0.07942238267148016,5760.0,5644.8,0,0.0,0.8010281085155176,False,False,,,,None
122,2024-04-17,7944.0078125,7950.0,7975.0,7425.0,7500.0,65779000,BREN.JK,0.0635451505016722,5845.0,5728.099999999999,0,0.0,0.8010281085155176,False,False,,,,None
123,2024-04-18,7919.0263671875,7925.0,8075.0,7550.0,7925.0,40979900,BREN.JK,-0.0031446540880503138,5935.0,5816.3,0,-0.0,0.8010281085155176,False,False,,,,None
124,2024-04-19,8118.8759765625,8125.0,8125.0,7550.0,7925.0,119478400,BREN.JK,0.025236593059936974,6033.75,5913.075,0,0.0,0.8010281085155176,False,False,,,,None
125,2024-04-22,7619.2529296875,7625.0,8150.0,7400.0,8150.0,23379200,BREN.JK,-0.06153846153846154,6120.0,5997.599999999999,0,-0.0,0.8010281085155176,False,False,,,,None
126,2024-04-23,7294.49755859375,7300.0,7725.0,7250.0,7725.0,14117500,BREN.JK,-0.042622950819672156,6207.5,6083.349999999999,0,-0.0,0.8010281085155176,False,False,,,,None
127,2024-04-24,7968.98876953125,7975.0,7975.0,7300.0,7300.0,16627200,BREN.JK,0.09246575342465757,6347.5,6220.55,0,0.0,0.8010281085155176,False,False,,,,None
128,2024-04-25,8268.7626953125,8275.0,8325.0,7800.0,8000.0,16941200,BREN.JK,0.037617554858934144,6493.75,6363.875,0,0.0,0.8010281085155176,False,False,,,,None
129,2024-04-26,8618.4990234375,8625.0,9350.0,8200.0,8325.0,36478400,BREN.JK,0.04229607250755296,6655.0,6521.9,0,0.0,0.8010281085155176,False,False,,,,None
130,2024-04-29,9018.197265625,9025.0,9125.0,8625.0,8625.0,17974400,BREN.JK,0.04637681159420293,6838.75,6701.974999999999,0,0.0,0.8010281085155176,False,False,,,,None
131,2024-04-30,9218.046875,9225.0,9250.0,8800.0,9075.0,24471600,BREN.JK,0.02216066481994461,7032.5,6891.849999999999,0,0.0,0.8010281085155176,False,False,,,,None
132,2024-05-02,9867.556640625,9875.0,9875.0,9225.0,9225.0,22657200,BREN.JK,0.07046070460704601,7258.75,7113.575,0,0.0,0.8010281085155176,False,False,,,,None
133,2024-05-03,9867.556640625,9875.0,9875.0,9875.0,9875.0,0,BREN.JK,0.0,7485.0,7335.3,0,0.0,0.8010281085155176,False,False,,,,None
134,2024-05-06,9292.990234375,9300.0,9725.0,9150.0,9650.0,13332100,BREN.JK,-0.0582278481012658,7677.5,7523.95,0,-0.0,0.8010281085155176,False,False,,,,None
135,2024-05-07,9867.556640625,9875.0,9925.0,9325.0,9325.0,13495400,BREN.JK,0.06182795698924726,7902.5,7744.45,0,0.0,0.8010281085155176,False,False,,,,None
136,2024-05-08,9642.7265625,9650.0,10200.0,9450.0,9875.0,12895300,BREN.JK,-0.02278481012658229,8115.0,7952.7,0,-0.0,0.8010281085155176,False,False,,,,None
137,2024-05-13,9442.876953125,9450.0,9875.0,9400.0,9400.0,12510700,BREN.JK,-0.020725388601036232,8301.25,8135.224999999999,0,-0.0,0.8010281085155176,False,False,,,,None
138,2024-05-14,9268.009765625,9275.0,9725.0,9200.0,9450.0,11060200,BREN.JK,-0.01851851851851849,8481.25,8311.625,0,-0.0,0.8010281085155176,False,False,,,,None
139,2024-05-15,9967.4814453125,9975.0,10450.0,9150.0,9200.0,32641300,BREN.JK,0.07547169811320753,8686.25,8512.525,0,0.0,0.8010281085155176,False,False,,,,None
140,2024-05-16,10367.1796875,10375.0,10450.0,10000.0,10000.0,25578300,BREN.JK,0.040100250626566414,8858.75,8681.575,0,0.0,0.8010281085155176,False,False,,,,None
141,2024-05-17,10741.8974609375,10750.0,12200.0,10200.0,10400.0,33916900,BREN.JK,0.03614457831325302,9022.5,8842.05,0,0.0,0.8010281085155176,False,False,,,,None
142,2024-05-20,10966.728515625,10975.0,11275.0,10700.0,10750.0,20232700,BREN.JK,0.020930232558139528,9173.75,8990.275,0,0.0,0.8010281085155176,False,False,,,,None
143,2024-05-21,11141.595703125,11150.0,11575.0,11000.0,11000.0,17838200,BREN.JK,0.015945330296127658,9335.0,9148.3,0,0.0,0.8010281085155176,False,False,,,,None
144,2024-05-22,11241.5205078125,11250.0,11450.0,11025.0,11225.0,14429800,BREN.JK,0.008968609865470878,9491.25,9301.425,0,0.0,0.8010281085155176,False,False,,,,None
145,2024-05-27,11241.5205078125,11250.0,11250.0,11250.0,11250.0,0,BREN.JK,0.0,9672.5,9479.05,0,0.0,0.8010281085155176,False,False,,,,None
146,2024-05-28,11241.5205078125,11250.0,11250.0,11250.0,11250.0,0,BREN.JK,0.0,9870.0,9672.6,0,0.0,0.8010281085155176,False,False,,,,None
147,2024-05-29,10117.369140625,10125.0,10125.0,10125.0,10125.0,3269100,BREN.JK,-0.09999999999999998,9977.5,9777.95,0,-0.0,0.8010281085155176,False,False,,,,None
148,2024-05-30,9118.1220703125,9125.0,9125.0,9125.0,9125.0,338500,BREN.JK,-0.09876543209876543,10020.0,9819.6,1,-0.0,0.8010281085155176,True,False,-0.002194597557576672,2024-06-21,9100.0,Loss
149,2024-05-31,8218.80078125,8225.0,8225.0,8225.0,8225.0,1072500,BREN.JK,-0.09863013698630141,10000.0,9800.0,1,-0.09863013698630141,0.7220225964427542,False,False,,,,None
150,2024-06-03,7944.0078125,7950.0,9025.0,7950.0,8000.0,28527100,BREN.JK,-0.033434650455927084,9946.25,9747.325,1,-0.033434650455927084,0.6978820233094098,False,False,,,,None
151,2024-06-04,8243.78125,8250.0,8250.0,8000.0,8000.0,14694300,BREN.JK,0.037735849056603765,9897.5,9699.55,1,0.037735849056603765,0.724217194000331,False,False,,,,None
152,2024-06-05,7419.4033203125,7425.0,7425.0,7425.0,7425.0,3842600,BREN.JK,-0.09999999999999998,9775.0,9579.5,1,-0.09999999999999998,0.651795474600298,False,False,,,,None
153,2024-06-06,6694.94970703125,6700.0,6700.0,6700.0,6700.0,3041600,BREN.JK,-0.09764309764309764,9616.25,9423.925,1,-0.09764309764309764,0.5881521454305719,False,False,,,,None
154,2024-06-07,6047.275390625,6050.0,6050.0,6050.0,6050.0,2561500,BREN.JK,-0.09701492537313428,9453.75,9264.675,1,-0.09701492537313428,0.5310926089335761,False,False,,,,None
155,2024-06-10,6647.0048828125,6650.0,6650.0,5500.0,5500.0,69433800,BREN.JK,0.09917355371900816,9292.5,9106.65,1,0.09917355371900816,0.5837629503154184,False,False,,,,None
156,2024-06-11,7296.71240234375,7300.0,7300.0,7300.0,7300.0,29963800,BREN.JK,0.09774436090225569,9175.0,8991.5,1,0.09774436090225569,0.6408224868124142,False,False,,,,None
157,2024-06-12,8021.3857421875,8025.0,8025.0,8025.0,8025.0,22866000,BREN.JK,0.09931506849315075,9103.75,8921.675,1,0.09931506849315075,0.7044658159821403,False,False,,,,None
158,2024-06-13,8021.3857421875,8025.0,8025.0,7700.0,7800.0,6122700,BREN.JK,0.0,9041.25,8860.425,1,0.0,0.7044658159821403,False,False,,,,None
159,2024-06-14,7846.46435546875,7850.0,7850.0,7800.0,7800.0,3790700,BREN.JK,-0.02180685358255452,8935.0,8756.3,1,-0.02180685358255452,0.6891036330791029,False,False,,,,None
160,2024-06-19,8246.2841796875,8250.0,8625.0,8125.0,8625.0,6744200,BREN.JK,0.05095541401273884,8828.75,8652.175,1,0.05095541401273884,0.7242171940003311,False,False,,,,None
161,2024-06-20,8446.1943359375,8450.0,8500.0,8250.0,8250.0,8628800,BREN.JK,0.024242424242424176,8713.75,8539.475,1,0.024242424242424176,0.7417739744609452,False,False,,,,None
162,2024-06-21,9095.9013671875,9100.0,9500.0,8700.0,8700.0,59659500,BREN.JK,0.07692307692307687,8620.0,8447.6,0,0.07692307692307687,0.798833510957941,False,True,,,,None
163,2024-06-24,9395.7666015625,9400.0,9475.0,9025.0,9200.0,22229200,BREN.JK,0.03296703296703307,8532.5,8361.85,0,0.0,0.798833510957941,False,False,,,,None
164,2024-06-25,9645.654296875,9650.0,9800.0,9400.0,9450.0,22310600,BREN.JK,0.02659574468085113,8452.5,8283.45,0,0.0,0.798833510957941,False,False,,,,None
165,2024-06-26,9745.6083984375,9750.0,9850.0,9500.0,9675.0,15070700,BREN.JK,0.010362694300518172,8377.5,8209.95,0,0.0,0.798833510957941,False,False,,,,None
166,2024-06-27,9795.5859375,9800.0,9875.0,9700.0,9750.0,9625300,BREN.JK,0.00512820512820511,8305.0,8138.9,0,0.0,0.798833510957941,False,False,,,,None
167,2024-06-28,10070.462890625,10075.0,10225.0,9600.0,9850.0,30775000,BREN.JK,0.028061224489795977,8302.5,8136.45,0,0.0,0.798833510957941,False,False,,,,None
168,2024-07-01,10420.3046875,10425.0,10450.0,10100.0,10100.0,24594800,BREN.JK,0.03473945409429291,8367.5,8200.15,0,0.0,0.798833510957941,False,False,,,,None
169,2024-07-02,10145.4287109375,10150.0,10700.0,9775.0,10450.0,22879500,BREN.JK,-0.026378896882493952,8463.75,8294.475,0,-0.0,0.798833510957941,False,False,,,,None
170,2024-07-03,10345.3388671875,10350.0,10375.0,10000.0,10175.0,12859500,BREN.JK,0.019704433497536922,8583.75,8412.075,0,0.0,0.798833510957941,False,False,,,,None
171,2024-07-04,10395.31640625,10400.0,10475.0,10275.0,10375.0,9005200,BREN.JK,0.004830917874396157,8691.25,8517.425,0,0.0,0.798833510957941,False,False,,,,None
172,2024-07-05,10295.361328125,10300.0,10500.0,10075.0,10425.0,11766300,BREN.JK,-0.009615384615384581,8835.0,8658.3,0,-0.0,0.798833510957941,False,False,,,,None
173,2024-07-08,10170.4169921875,10175.0,10300.0,9950.0,10275.0,7814100,BREN.JK,-0.012135922330097082,9008.75,8828.575,0,-0.0,0.798833510957941,False,False,,,,None
174,2024-07-09,9945.5185546875,9950.0,10300.0,9925.0,10175.0,13353200,BREN.JK,-0.02211302211302213,9203.75,9019.675,0,-0.0,0.798833510957941,False,False,,,,None
175,2024-07-10,9820.5751953125,9825.0,10075.0,9625.0,9950.0,10028200,BREN.JK,-0.012562814070351758,9362.5,9175.25,0,-0.0,0.798833510957941,False,False,,,,None
176,2024-07-11,9420.7548828125,9425.0,9925.0,9425.0,9825.0,17882200,BREN.JK,-0.040712468193384255,9468.75,9279.375,0,-0.0,0.798833510957941,False,False,,,,None
177,2024-07-12,9445.744140625,9450.0,9600.0,9025.0,9425.0,20197400,BREN.JK,0.0026525198938991412,9540.0,9349.2,0,0.0,0.798833510957941,False,False,,,,None
178,2024-07-15,9045.923828125,9050.0,9575.0,9000.0,9475.0,19445200,BREN.JK,-0.042328042328042326,9591.25,9399.425,1,-0.0,0.798833510957941,True,False,-0.022067224059612256,2024-08-14,8800.0,Loss
179,2024-07-16,8496.171875,8500.0,9175.0,8500.0,9050.0,28227600,BREN.JK,-0.06077348066298338,9623.75,9431.275,1,-0.06077348066298338,0.7502856180267954,False,False,,,,None
180,2024-07-17,7771.49853515625,7775.0,8500.0,7750.0,8500.0,46259600,BREN.JK,-0.08529411764705885,9600.0,9408.0,1,-0.08529411764705885,0.6862906682539216,False,False,,,,None
181,2024-07-18,8696.08203125,8700.0,8725.0,7625.0,7850.0,51865800,BREN.JK,0.11897106109324751,9612.5,9420.25,1,0.11897106109324751,0.7679393972744846,False,False,,,,None
182,2024-07-19,8721.0703125,8725.0,9050.0,8375.0,8725.0,98544500,BREN.JK,0.002873563218390718,9593.75,9401.875,1,0.002873563218390718,0.7701461196804457,False,False,,,,None
183,2024-07-22,9045.923828125,9050.0,9250.0,8800.0,8825.0,28857600,BREN.JK,0.0372492836676217,9576.25,9384.725,1,0.0372492836676217,0.7988335109579408,False,False,,,,None
184,2024-07-23,8746.0595703125,8750.0,9200.0,8750.0,9125.0,18774000,BREN.JK,-0.03314917127071826,9531.25,9340.625,1,-0.03314917127071826,0.7723528420864068,False,False,,,,None
185,2024-07-24,8546.1494140625,8550.0,8850.0,8500.0,8750.0,14257200,BREN.JK,-0.02285714285714291,9471.25,9281.825,1,-0.02285714285714291,0.7546990628387175,False,False,,,,None
186,2024-07-25,8371.228515625,8375.0,8575.0,8150.0,8450.0,18465200,BREN.JK,-0.020467836257309968,9400.0,9212.0,1,-0.020467836257309968,0.7392520059969893,False,False,,,,None
187,2024-07-26,8796.037109375,8800.0,8850.0,8350.0,8375.0,12978100,BREN.JK,0.05074626865671639,9336.25,9149.525,1,0.05074626865671639,0.7767662868983289,False,False,,,,None
188,2024-07-29,8596.126953125,8600.0,9025.0,8600.0,8850.0,13833100,BREN.JK,-0.022727272727272707,9245.0,9060.1,1,-0.022727272727272707,0.7591125076506396,False,False,,,,None
189,2024-07-30,8646.1044921875,8650.0,8725.0,8400.0,8625.0,11045600,BREN.JK,0.005813953488372103,9170.0,8986.6,1,0.005813953488372103,0.7635259524625619,False,False,,,,None
190,2024-07-31,8646.1044921875,8650.0,8850.0,8575.0,8675.0,14387900,BREN.JK,0.0,9085.0,8903.3,1,0.0,0.7635259524625619,False,False,,,,None
191,2024-08-01,8671.0927734375,8675.0,8775.0,8575.0,8675.0,7539700,BREN.JK,0.0028901734104045396,8998.75,8818.775,1,0.0028901734104045396,0.765732674868523,False,False,,,,None
192,2024-08-02,8596.126953125,8600.0,8825.0,8525.0,8675.0,6976600,BREN.JK,-0.008645533141210415,8913.75,8735.475,1,-0.008645533141210415,0.7591125076506395,False,False,,,,None
193,2024-08-05,7896.44189453125,7900.0,8550.0,7750.0,8550.0,28040800,BREN.JK,-0.08139534883720934,8800.0,8624.0,1,-0.08139534883720934,0.697324280283727,False,False,,,,None
194,2024-08-06,7946.41943359375,7950.0,8250.0,7825.0,8025.0,15551700,BREN.JK,0.006329113924050667,8700.0,8526.0,1,0.006329113924050667,0.7017377250956492,False,False,,,,None
195,2024-08-07,8221.2958984375,8225.0,8450.0,7900.0,8000.0,20367100,BREN.JK,0.03459119496855356,8620.0,8447.6,1,0.03459119496855356,0.726011671561222,False,False,,,,None
196,2024-08-08,8121.3408203125,8125.0,8350.0,8075.0,8250.0,8853500,BREN.JK,-0.012158054711246202,8555.0,8383.9,1,-0.012158054711246202,0.7171847819373774,False,False,,,,None
197,2024-08-09,8346.2392578125,8350.0,8350.0,8150.0,8150.0,9458700,BREN.JK,0.027692307692307683,8500.0,8330.0,1,0.027692307692307683,0.7370452835910279,False,False,,,,None
198,2024-08-12,8421.2060546875,8425.0,8500.0,8275.0,8375.0,6735900,BREN.JK,0.008982035928143617,8468.75,8299.375,1,0.008982035928143617,0.7436654508089113,False,False,,,,None
199,2024-08-13,8396.216796875,8400.0,8600.0,8125.0,8200.0,9766200,BREN.JK,-0.0029673590504450953,8463.75,8294.475,1,-0.0029673590504450953,0.7414587284029501,False,False,,,,None
200,2024-08-14,8796.037109375,8800.0,8825.0,8375.0,8450.0,16591200,BREN.JK,0.04761904761904767,8515.0,8344.7,0,0.04761904761904767,0.7767662868983287,False,True,,,,None
201,2024-08-15,8671.0927734375,8675.0,8925.0,8625.0,8850.0,12918000,BREN.JK,-0.014204545454545414,8513.75,8343.475,0,-0.0,0.7767662868983287,False,False,,,,None
202,2024-08-16,8746.0595703125,8750.0,8900.0,8675.0,8725.0,7753700,BREN.JK,0.008645533141210304,8515.0,8344.7,0,0.0,0.7767662868983287,False,False,,,,None
203,2024-08-19,9195.8564453125,9200.0,9450.0,8725.0,8750.0,34839100,BREN.JK,0.05142857142857138,8522.5,8352.05,0,0.0,0.7767662868983287,False,False,,,,None
204,2024-08-20,9420.7548828125,9425.0,9525.0,9225.0,9250.0,28068200,BREN.JK,0.024456521739130377,8556.25,8385.125,0,0.0,0.7767662868983287,False,False,,,,None
205,2024-08-21,9520.7099609375,9525.0,9625.0,9375.0,9475.0,19196600,BREN.JK,0.010610079575596787,8605.0,8432.9,0,0.0,0.7767662868983287,False,False,,,,None
206,2024-08-22,9370.77734375,9375.0,9625.0,9225.0,9625.0,25542900,BREN.JK,-0.015748031496062964,8655.0,8481.9,0,-0.0,0.7767662868983287,False,False,,,,None
207,2024-08-23,9445.744140625,9450.0,9475.0,9275.0,9350.0,23899900,BREN.JK,0.008000000000000007,8687.5,8513.75,0,0.0,0.7767662868983287,False,False,,,,None
208,2024-08-26,9720.6201171875,9725.0,9925.0,9625.0,9700.0,57298000,BREN.JK,0.02910052910052907,8743.75,8568.875,0,0.0,0.7767662868983287,False,False,,,,None
209,2024-08-27,9795.5859375,9800.0,9800.0,9650.0,9800.0,17492500,BREN.JK,0.007712082262210762,8801.25,8625.225,0,0.0,0.7767662868983287,False,False,,,,None
210,2024-08-28,10195.40625,10200.0,10350.0,9800.0,9800.0,40802700,BREN.JK,0.04081632653061229,8878.75,8701.175,0,0.0,0.7767662868983287,False,False,,,,None
211,2024-08-29,10420.3046875,10425.0,10975.0,10225.0,10225.0,81771500,BREN.JK,0.022058823529411686,8966.25,8786.925,0,0.0,0.7767662868983287,False,False,,,,None
212,2024-08-30,10745.158203125,10750.0,10750.0,10450.0,10450.0,41385100,BREN.JK,0.031175059952038398,9073.75,8892.275,0,0.0,0.7767662868983287,False,False,,,,None
213,2024-09-02,10745.158203125,10750.0,11050.0,10600.0,10800.0,38161000,BREN.JK,0.0,9216.25,9031.925,0,0.0,0.7767662868983287,False,False,,,,None
214,2024-09-03,10245.3837890625,10250.0,10850.0,10150.0,10825.0,33730400,BREN.JK,-0.046511627906976716,9331.25,9144.625,0,-0.0,0.7767662868983287,False,False,,,,None
215,2024-09-04,11244.93359375,11250.0,11250.0,9975.0,10200.0,51227800,BREN.JK,0.09756097560975618,9482.5,9292.85,0,0.0,0.7767662868983287,False,False,,,,None
216,2024-09-05,10745.158203125,10750.0,11700.0,10575.0,11500.0,45513500,BREN.JK,-0.0444444444444444,9613.75,9421.475,0,-0.0,0.7767662868983287,False,False,,,,None
217,2024-09-06,10795.1357421875,10800.0,11075.0,10675.0,10825.0,23803900,BREN.JK,0.0046511627906977715,9736.25,9541.525,0,0.0,0.7767662868983287,False,False,,,,None
218,2024-09-09,10745.158203125,10750.0,10975.0,10450.0,10825.0,26312900,BREN.JK,-0.00462962962962965,9852.5,9655.45,0,-0.0,0.7767662868983287,False,False,,,,None
219,2024-09-10,11494.8203125,11500.0,11500.0,10775.0,10800.0,38892300,BREN.JK,0.06976744186046502,10007.5,9807.35,0,0.0,0.7767662868983287,False,False,,,,None
220,2024-09-11,11894.640625,11900.0,11950.0,11425.0,11600.0,41615200,BREN.JK,0.034782608695652195,10162.5,9959.25,0,0.0,0.7767662868983287,False,False,,,,None
221,2024-09-12,11744.7080078125,11750.0,12100.0,11675.0,11975.0,25427800,BREN.JK,-0.012605042016806678,10316.25,10109.925,0,-0.0,0.7767662868983287,False,False,,,,None
222,2024-09-13,11769.697265625,11775.0,12000.0,11650.0,11900.0,12601300,BREN.JK,0.0021276595744681437,10467.5,10258.15,0,0.0,0.7767662868983287,False,False,,,,None
223,2024-09-17,11144.978515625,11150.0,12050.0,10925.0,11850.0,45242600,BREN.JK,-0.05307855626326963,10565.0,10353.699999999999,0,-0.0,0.7767662868983287,False,False,,,,None
224,2024-09-18,10720.169921875,10725.0,11400.0,10725.0,11225.0,34909700,BREN.JK,-0.03811659192825112,10630.0,10417.4,0,-0.0,0.7767662868983287,False,False,,,,None
225,2024-09-19,11020.0341796875,11025.0,11350.0,10725.0,10725.0,36434400,BREN.JK,0.027972027972027913,10705.0,10490.9,0,0.0,0.7767662868983287,False,False,,,,None
226,2024-09-20,8821.025390625,8825.0,10200.0,8825.0,10200.0,17045100,BREN.JK,-0.199546485260771,10677.5,10463.949999999999,1,-0.0,0.7767662868983287,True,False,-0.1452310904682429,2024-10-17,7175.0,Loss
227,2024-09-23,7071.8134765625,7075.0,7075.0,7075.0,7075.0,12591300,BREN.JK,-0.19830028328611893,10558.75,10347.574999999999,1,-0.19830028328611893,0.6227333121592834,False,False,,,,None
228,2024-09-24,7221.74609375,7225.0,7925.0,5675.0,6000.0,467025900,BREN.JK,0.021201413427561766,10433.75,10225.074999999999,1,0.021201413427561766,0.6359361385654873,False,False,,,,None
229,2024-09-25,6971.85888671875,6975.0,7325.0,6900.0,7300.0,66286900,BREN.JK,-0.03460207612456745,10292.5,10086.65,1,-0.03460207612456745,0.6139314278884808,False,False,,,,None
230,2024-09-26,7296.71240234375,7300.0,7400.0,6950.0,6975.0,58899700,BREN.JK,0.04659498207885315,10147.5,9944.55,1,0.04659498207885315,0.6425375517685893,False,False,,,,None
231,2024-09-27,7171.7685546875,7175.0,7425.0,7025.0,7350.0,33279500,BREN.JK,-0.017123287671232834,9985.0,9785.3,1,-0.017123287671232834,0.631535196430086,False,False,,,,None
232,2024-09-30,6597.02734375,6600.0,7225.0,6525.0,7150.0,50373500,BREN.JK,-0.08013937282229966,9777.5,9581.95,1,-0.08013937282229966,0.5809243618729711,False,False,,,,None
233,2024-10-01,6796.9375,6800.0,6900.0,6575.0,6625.0,24884500,BREN.JK,0.030303030303030276,9580.0,9388.4,1,0.030303030303030276,0.5985281304145763,False,False,,,,None
234,2024-10-02,6971.85888671875,6975.0,7100.0,6375.0,6800.0,60147400,BREN.JK,0.025735294117646967,9416.25,9227.925,1,0.025735294117646967,0.6139314278884808,False,False,,,,None
235,2024-10-03,6846.9150390625,6850.0,7150.0,6650.0,6950.0,43581700,BREN.JK,-0.017921146953404965,9196.25,9012.325,1,-0.017921146953404965,0.6029290725499775,False,False,,,,None
236,2024-10-04,6946.8701171875,6950.0,7000.0,6550.0,6925.0,53098700,BREN.JK,0.014598540145985384,9006.25,8826.125,1,0.014598540145985384,0.61173095682078,False,False,,,,None
237,2024-10-07,6746.9599609375,6750.0,7000.0,6750.0,6950.0,24792200,BREN.JK,-0.02877697841726623,8803.75,8627.675,1,-0.02877697841726623,0.5941271882791749,False,False,,,,None
238,2024-10-08,6696.982421875,6700.0,6900.0,6650.0,6775.0,12943900,BREN.JK,-0.007407407407407418,8601.25,8429.225,1,-0.007407407407407418,0.5897262461437736,False,False,,,,None
239,2024-10-09,6597.02734375,6600.0,6825.0,6600.0,6750.0,11196700,BREN.JK,-0.014925373134328401,8356.25,8189.125,1,-0.014925373134328401,0.5809243618729709,False,False,,,,None
240,2024-10-10,6522.0615234375,6525.0,6700.0,6525.0,6550.0,10231500,BREN.JK,-0.011363636363636354,8087.5,7925.75,1,-0.011363636363636354,0.574322948669869,False,False,,,,None
241,2024-10-11,6497.07275390625,6500.0,6600.0,6400.0,6525.0,14669000,BREN.JK,-0.003831417624521105,7825.0,7668.5,1,-0.003831417624521105,0.5721224776021683,False,False,,,,None
242,2024-10-14,6696.982421875,6700.0,6850.0,6500.0,6500.0,19802300,BREN.JK,0.03076923076923066,7571.25,7419.825,1,0.03076923076923066,0.5897262461437734,False,False,,,,None
243,2024-10-15,6547.05029296875,6550.0,6775.0,6550.0,6725.0,16954300,BREN.JK,-0.02238805970149249,7341.25,7194.425,1,-0.02238805970149249,0.5765234197375696,False,False,,,,None
244,2024-10-16,6871.90380859375,6875.0,6875.0,6600.0,6600.0,26103900,BREN.JK,0.04961832061068705,7148.75,7005.775,1,0.04961832061068705,0.605129543617678,False,False,,,,None
245,2024-10-17,7171.7685546875,7175.0,7250.0,6800.0,6875.0,43453000,BREN.JK,0.043636363636363695,6956.25,6817.125,0,0.043636363636363695,0.6315351964300858,False,True,,,,None
246,2024-10-18,7171.7685546875,7175.0,7300.0,6975.0,7175.0,95394100,BREN.JK,0.0,6873.75,6736.275,0,0.0,0.6315351964300858,False,False,,,,None
247,2024-10-21,7021.8359375,7025.0,7250.0,7025.0,7200.0,20722600,BREN.JK,-0.020905923344947785,6871.25,6733.825,0,-0.0,0.6315351964300858,False,False,,,,None
248,2024-10-22,7621.56591796875,7625.0,7650.0,7050.0,7050.0,69416000,BREN.JK,0.08540925266903909,6891.25,6753.425,0,0.0,0.6315351964300858,False,False,,,,None
249,2024-10-23,7571.58837890625,7575.0,7850.0,7450.0,7700.0,39537300,BREN.JK,-0.006557377049180357,6921.25,6782.825,0,-0.0,0.6315351964300858,False,False,,,,None
250,2024-10-24,7396.66748046875,7400.0,7800.0,7400.0,7575.0,25490300,BREN.JK,-0.02310231023102305,6926.25,6787.724999999999,0,-0.0,0.6315351964300858,False,False,,,,None
251,2024-10-25,7271.7236328125,7275.0,7550.0,7225.0,7450.0,13699600,BREN.JK,-0.016891891891891886,6931.25,6792.625,0,-0.0,0.6315351964300858,False,False,,,,None
252,2024-10-28,6796.9375,6800.0,7325.0,6700.0,7325.0,38459900,BREN.JK,-0.06529209621993126,6941.25,6802.425,1,-0.0,0.6315351964300858,True,False,0.006965461725331634,2024-11-08,6875.0,Win
253,2024-10-29,6796.9375,6800.0,6975.0,6775.0,6800.0,10521400,BREN.JK,0.0,6941.25,6802.425,1,0.0,0.6315351964300858,False,False,,,,None
254,2024-10-30,6671.99365234375,6675.0,6875.0,6675.0,6825.0,9464700,BREN.JK,-0.018382352941176516,6926.25,6787.724999999999,1,-0.018382352941176516,0.6199260935545328,False,False,,,,None
255,2024-10-31,6796.9375,6800.0,7000.0,6700.0,6700.0,18560900,BREN.JK,0.01872659176029967,6923.75,6785.275,1,0.01872659176029967,0.6315351964300858,False,False,,,,None
256,2024-11-01,6696.982421875,6700.0,6950.0,6700.0,6825.0,11549600,BREN.JK,-0.014705882352941124,6911.25,6773.025,1,-0.014705882352941124,0.6222479141296434,False,False,,,,None
257,2024-11-04,6597.02734375,6600.0,6825.0,6575.0,6725.0,8692500,BREN.JK,-0.014925373134328401,6903.75,6765.675,1,-0.014925373134328401,0.6129606318292009,False,False,,,,None
258,2024-11-05,6397.11767578125,6400.0,6775.0,6400.0,6775.0,15252200,BREN.JK,-0.030303030303030276,6888.75,6750.974999999999,1,-0.030303030303030276,0.594386067228316,False,False,,,,None
259,2024-11-06,6372.12890625,6375.0,6500.0,6150.0,6400.0,16740100,BREN.JK,-0.00390625,6877.5,6739.95,1,-0.00390625,0.5920642466532053,False,False,,,,None
260,2024-11-07,5997.2978515625,6000.0,6400.0,6000.0,6300.0,14418500,BREN.JK,-0.05882352941176472,6851.25,6714.224999999999,1,-0.05882352941176472,0.5572369380265462,False,False,,,,None
261,2024-11-08,6871.90380859375,6875.0,7025.0,6250.0,6300.0,56915100,BREN.JK,0.14583333333333326,6870.0,6732.599999999999,0,0.14583333333333326,0.6385006581554175,False,True,,,,None
262,2024-11-11,7371.6787109375,7375.0,7525.0,6625.0,6875.0,51912700,BREN.JK,0.07272727272727275,6903.75,6765.675,0,0.0,0.6385006581554175,False,False,,,,None
263,2024-11-12,7496.6220703125,7500.0,7875.0,7425.0,7500.0,55528200,BREN.JK,0.016949152542372836,6951.25,6812.224999999999,0,0.0,0.6385006581554175,False,False,,,,None
264,2024-11-13,7371.6787109375,7375.0,7625.0,7275.0,7600.0,22572100,BREN.JK,-0.01666666666666672,6976.25,6836.724999999999,0,-0.0,0.6385006581554175,False,False,,,,None
265,2024-11-14,7021.8359375,7025.0,7450.0,7025.0,7375.0,19680100,BREN.JK,-0.0474576271186441,6968.75,6829.375,0,-0.0,0.6385006581554175,False,False,,,,None
266,2024-11-15,6896.892578125,6900.0,7175.0,6725.0,7025.0,20269300,BREN.JK,-0.017793594306049876,6955.0,6815.9,0,-0.0,0.6385006581554175,False,False,,,,None
267,2024-11-18,6671.99365234375,6675.0,6975.0,6675.0,6875.0,12541000,BREN.JK,-0.03260869565217395,6937.5,6798.75,1,-0.0,0.6385006581554175,True,False,0.02152249409512641,2024-11-25,6900.0,Win
268,2024-11-19,6846.9150390625,6850.0,7050.0,6675.0,6675.0,13064000,BREN.JK,0.02621722846441954,6898.75,6760.775,1,0.02621722846441954,0.6552403757849603,False,False,,,,None
269,2024-11-20,6746.9599609375,6750.0,6925.0,6725.0,6900.0,7025800,BREN.JK,-0.014598540145985384,6857.5,6720.349999999999,1,-0.014598540145985384,0.645674822853793,False,False,,,,None
270,2024-11-21,6547.05029296875,6550.0,6875.0,6550.0,6725.0,12451700,BREN.JK,-0.029629629629629672,6815.0,6678.7,1,-0.029629629629629672,0.6265437169914583,False,False,,,,None
271,2024-11-22,6696.982421875,6700.0,6775.0,6550.0,6550.0,10506200,BREN.JK,0.022900763358778553,6786.25,6650.525,1,0.022900763358778553,0.6408920463882092,False,False,,,,None
272,2024-11-25,6896.892578125,6900.0,7050.0,6650.0,6750.0,18223100,BREN.JK,0.029850746268656803,6791.25,6655.425,0,0.029850746268656803,0.6600231522505439,False,True,,,,None
273,2024-11-26,6696.982421875,6700.0,7000.0,6700.0,6950.0,12522000,BREN.JK,-0.02898550724637683,6786.25,6650.525,0,-0.0,0.6600231522505439,False,False,,,,None
274,2024-11-28,6746.9599609375,6750.0,6800.0,6700.0,6725.0,4553600,BREN.JK,0.00746268656716409,6790.0,6654.2,0,0.0,0.6600231522505439,False,False,,,,None
275,2024-11-29,6622.01611328125,6625.0,6800.0,6600.0,6750.0,12623100,BREN.JK,-0.01851851851851849,6781.25,6645.625,1,-0.0,0.6600231522505439,True,False,0.017434573833033262,2024-12-03,6800.0,Win
276,2024-12-02,6721.97119140625,6725.0,6775.0,6625.0,6625.0,8955800,BREN.JK,0.015094339622641506,6782.5,6646.849999999999,1,0.015094339622641506,0.66998576586942,False,False,,,,None
277,2024-12-03,6796.9375,6800.0,7000.0,6725.0,6775.0,10095800,BREN.JK,0.011152416356877248,6792.5,6656.65,0,0.011152416356877248,0.6774577260835771,False,True,,,,None
278,2024-12-04,7471.63330078125,7475.0,7500.0,6800.0,6825.0,41585700,BREN.JK,0.09926470588235303,6846.25,6709.325,0,0.0,0.6774577260835771,False,False,,,,None
279,2024-12-05,7496.6220703125,7500.0,7675.0,7300.0,7500.0,33477500,BREN.JK,0.0033444816053511683,6902.5,6764.45,0,0.0,0.6774577260835771,False,False,,,,None
280,2024-12-06,8496.171875,8500.0,8500.0,7450.0,7500.0,65924600,BREN.JK,0.1333333333333333,7027.5,6886.95,0,0.0,0.6774577260835771,False,False,,,,None
281,2024-12-09,8321.2509765625,8325.0,8550.0,8275.0,8400.0,31066900,BREN.JK,-0.020588235294117685,7100.0,6958.0,0,-0.0,0.6774577260835771,False,False,,,,None
282,2024-12-10,8446.1943359375,8450.0,8700.0,8050.0,8400.0,38842600,BREN.JK,0.01501501501501501,7153.75,7010.675,0,0.0,0.6774577260835771,False,False,,,,None
283,2024-12-11,8396.216796875,8400.0,8750.0,8400.0,8450.0,29210500,BREN.JK,-0.00591715976331364,7198.75,7054.775,0,-0.0,0.6774577260835771,False,False,,,,None
284,2024-12-12,8525.0,8525.0,8675.0,8350.0,8475.0,17602300,BREN.JK,0.014880952380952328,7256.25,7111.125,0,0.0,0.6774577260835771,False,False,,,,None
285,2024-12-13,8525.0,8525.0,8850.0,8525.0,8600.0,27358700,BREN.JK,0.0,7331.25,7184.625,0,0.0,0.6774577260835771,False,False,,,,None
286,2024-12-16,8425.0,8425.0,8650.0,8050.0,8625.0,24698300,BREN.JK,-0.011730205278592365,7407.5,7259.349999999999,0,-0.0,0.6774577260835771,False,False,,,,None
287,2024-12-17,8800.0,8800.0,9025.0,8425.0,8450.0,37949700,BREN.JK,0.04451038575667665,7513.75,7363.474999999999,0,0.0,0.6774577260835771,False,False,,,,None
288,2024-12-18,8975.0,8975.0,9100.0,8825.0,8900.0,24813500,BREN.JK,0.019886363636363535,7620.0,7467.599999999999,0,0.0,0.6774577260835771,False,False,,,,None
289,2024-12-19,8825.0,8825.0,9000.0,8500.0,8700.0,26992300,BREN.JK,-0.01671309192200554,7723.75,7569.275,0,-0.0,0.6774577260835771,False,False,,,,None
290,2024-12-20,9200.0,9200.0,9375.0,8700.0,8900.0,32532200,BREN.JK,0.04249291784702547,7856.25,7699.125,0,0.0,0.6774577260835771,False,False,,,,None
291,2024-12-23,9375.0,9375.0,9500.0,9100.0,9200.0,27643300,BREN.JK,0.01902173913043481,7990.0,7830.2,0,0.0,0.6774577260835771,False,False,,,,None
292,2024-12-24,9125.0,9125.0,9600.0,8950.0,9425.0,21027300,BREN.JK,-0.026666666666666616,8101.25,7939.224999999999,0,-0.0,0.6774577260835771,False,False,,,,None
293,2024-12-27,9200.0,9200.0,9275.0,9075.0,9125.0,11432100,BREN.JK,0.008219178082191858,8226.25,8061.724999999999,0,0.0,0.6774577260835771,False,False,,,,None
294,2024-12-30,9275.0,9275.0,9400.0,9075.0,9275.0,22948300,BREN.JK,0.008152173913043459,8352.5,8185.45,0,0.0,0.6774577260835771,False,False,,,,None
295,2025-01-02,9475.0,9475.0,9825.0,9275.0,9275.0,31228000,BREN.JK,0.02156334231805923,8495.0,8325.1,0,0.0,0.6774577260835771,False,False,,,,None
296,2025-01-03,9675.0,9675.0,9750.0,9450.0,9525.0,16136000,BREN.JK,0.02110817941952514,8642.5,8469.65,0,0.0,0.6774577260835771,False,False,,,,None
297,2025-01-06,9800.0,9800.0,9925.0,9700.0,9700.0,19534300,BREN.JK,0.012919896640826822,8792.5,8616.65,0,0.0,0.6774577260835771,False,False,,,,None
298,2025-01-07,10550.0,10550.0,10550.0,9750.0,9850.0,50713700,BREN.JK,0.07653061224489788,8946.25,8767.325,0,0.0,0.6774577260835771,False,False,,,,None
299,2025-01-08,10475.0,10475.0,10650.0,10200.0,10600.0,35618900,BREN.JK,-0.007109004739336511,9095.0,8913.1,0,-0.0,0.6774577260835771,False,False,,,,None
300,2025-01-09,10225.0,10225.0,10500.0,10125.0,10475.0,21496500,BREN.JK,-0.023866348448687402,9181.25,8997.625,0,-0.0,0.6774577260835771,False,False,,,,None
301,2025-01-10,10450.0,10450.0,10525.0,10200.0,10300.0,16317700,BREN.JK,0.022004889975550057,9287.5,9101.75,0,0.0,0.6774577260835771,False,False,,,,None
302,2025-01-13,10025.0,10025.0,10525.0,9500.0,10450.0,37723000,BREN.JK,-0.04066985645933019,9366.25,9178.925,0,-0.0,0.6774577260835771,False,False,,,,None
303,2025-01-14,9650.0,9650.0,10225.0,9625.0,10200.0,30077600,BREN.JK,-0.03740648379052369,9428.75,9240.175,0,-0.0,0.6774577260835771,False,False,,,,None
304,2025-01-15,9075.0,9075.0,9725.0,9025.0,9650.0,40012900,BREN.JK,-0.059585492227979264,9456.25,9267.125,1,-0.0,0.6774577260835771,True,False,0.03732549455005929,2025-01-16,9575.0,Win
305,2025-01-16,9575.0,9575.0,9775.0,8875.0,9100.0,35353500,BREN.JK,0.05509641873278226,9508.75,9318.575,0,0.05509641873278226,0.7147832206336364,False,True,,,,None
306,2025-01-17,9825.0,9825.0,10075.0,9600.0,9650.0,60357300,BREN.JK,0.02610966057441244,9578.75,9387.175,0,0.0,0.7147832206336364,False,False,,,,None
307,2025-01-20,9600.0,9600.0,10000.0,9600.0,9925.0,21370700,BREN.JK,-0.022900763358778664,9618.75,9426.375,0,-0.0,0.7147832206336364,False,False,,,,None
308,2025-01-21,9850.0,9850.0,9850.0,9100.0,9650.0,50440000,BREN.JK,0.02604166666666674,9662.5,9469.25,0,0.0,0.7147832206336364,False,False,,,,None
309,2025-01-22,9850.0,9850.0,10075.0,9775.0,9950.0,25079100,BREN.JK,0.0,9713.75,9519.475,0,0.0,0.7147832206336364,False,False,,,,None
310,2025-01-23,10000.0,10000.0,10050.0,9775.0,9900.0,22516700,BREN.JK,0.015228426395939021,9753.75,9558.675,0,0.0,0.7147832206336364,False,False,,,,None
311,2025-01-24,9600.0,9600.0,9975.0,9400.0,9975.0,28283600,BREN.JK,-0.040000000000000036,9765.0,9569.7,0,-0.0,0.7147832206336364,False,False,,,,None
312,2025-01-30,9125.0,9125.0,9625.0,9050.0,9600.0,19450700,BREN.JK,-0.04947916666666663,9765.0,9569.7,1,-0.0,0.7147832206336364,True,False,-0.207580880512782,2025-03-07,6475.0,Loss
313,2025-01-31,9025.0,9025.0,9325.0,9025.0,9175.0,13310200,BREN.JK,-0.010958904109588996,9756.25,9561.125,1,-0.010958904109588996,0.7069499798595692,False,False,,,,None
314,2025-02-03,8400.0,8400.0,9000.0,8250.0,8975.0,27467700,BREN.JK,-0.06925207756232687,9712.5,9518.25,1,-0.06925207756232687,0.6579922250216489,False,False,,,,None
315,2025-02-04,8875.0,8875.0,8975.0,8475.0,8500.0,17040900,BREN.JK,0.05654761904761907,9682.5,9488.85,1,0.05654761904761907,0.6952001186984683,False,False,,,,None
316,2025-02-05,8850.0,8850.0,8975.0,8700.0,8950.0,13590000,BREN.JK,-0.0028169014084507005,9641.25,9448.425,1,-0.0028169014084507005,0.6932418085049515,False,False,,,,None
317,2025-02-06,8775.0,8775.0,8925.0,8600.0,8900.0,8514600,BREN.JK,-0.008474576271186418,9590.0,9398.2,1,-0.008474576271186418,0.6873668779244011,False,False,,,,None
318,2025-02-07,7025.0,7025.0,7025.0,7025.0,7025.0,9594200,BREN.JK,-0.19943019943019946,9413.75,9225.475,1,-0.19943019943019946,0.5502851643782242,False,False,,,,None
319,2025-02-10,6650.0,6650.0,7100.0,5800.0,6500.0,154387100,BREN.JK,-0.053380782918149516,9222.5,9038.05,1,-0.053380782918149516,0.520910511475472,False,False,,,,None
320,2025-02-11,6025.0,6025.0,6775.0,5825.0,6700.0,60707200,BREN.JK,-0.09398496240601506,9012.5,8832.25,1,-0.09398496240601506,0.47195275663755165,False,False,,,,None
321,2025-02-12,6275.0,6275.0,6450.0,6025.0,6100.0,27758900,BREN.JK,0.04149377593361003,8803.75,8627.675,1,0.04149377593361003,0.4915358585727198,False,False,,,,None
322,2025-02-13,6125.0,6125.0,6475.0,6025.0,6475.0,20652100,BREN.JK,-0.0239043824701195,8608.75,8436.575,1,-0.0239043824701195,0.4797859974116189,False,False,,,,None
323,2025-02-14,6150.0,6150.0,6350.0,6075.0,6150.0,17429300,BREN.JK,0.004081632653061273,8433.75,8265.075,1,0.004081632653061273,0.48174430760513576,False,False,,,,None
324,2025-02-17,7025.0,7025.0,7050.0,6225.0,6250.0,45916300,BREN.JK,0.1422764227642277,8331.25,8164.625,1,0.1422764227642277,0.5502851643782242,False,False,,,,None
325,2025-02-18,6825.0,6825.0,7150.0,6800.0,7100.0,26653500,BREN.JK,-0.028469750889679735,8193.75,8029.875,1,-0.028469750889679735,0.5346186828300896,False,False,,,,None
326,2025-02-19,6725.0,6725.0,6950.0,6675.0,6850.0,11896600,BREN.JK,-0.0146520146520146,8038.75,7877.974999999999,1,-0.0146520146520146,0.5267854420560224,False,False,,,,None
327,2025-02-20,6700.0,6700.0,6950.0,6650.0,6725.0,12642500,BREN.JK,-0.0037174721189591198,7893.75,7735.875,1,-0.0037174721189591198,0.5248271318625056,False,False,,,,None
328,2025-02-21,6900.0,6900.0,7000.0,6750.0,6900.0,21679300,BREN.JK,0.029850746268656803,7746.25,7591.325,1,0.029850746268656803,0.5404936134106402,False,False,,,,None
329,2025-02-24,6300.0,6300.0,6900.0,6300.0,6900.0,23643300,BREN.JK,-0.08695652173913049,7568.75,7417.375,1,-0.08695652173913049,0.49349416876623664,False,False,,,,None
330,2025-02-25,6125.0,6125.0,6450.0,6050.0,6325.0,19056200,BREN.JK,-0.02777777777777779,7375.0,7227.5,1,-0.02777777777777779,0.4797859974116189,False,False,,,,None
331,2025-02-26,6425.0,6425.0,6600.0,6175.0,6225.0,23444300,BREN.JK,0.048979591836734615,7216.25,7071.925,1,0.048979591836734615,0.5032857197338206,False,False,,,,None
332,2025-02-27,6200.0,6200.0,6525.0,6200.0,6475.0,19662900,BREN.JK,-0.035019455252918275,7070.0,6928.599999999999,1,-0.035019455252918275,0.4856609279921693,False,False,,,,None
333,2025-02-28,6125.0,6125.0,6350.0,6025.0,6125.0,14415600,BREN.JK,-0.012096774193548376,6925.0,6786.5,1,-0.012096774193548376,0.47978599741161887,False,False,,,,None
334,2025-03-03,6400.0,6400.0,6525.0,6200.0,6225.0,13993600,BREN.JK,0.044897959183673564,6825.0,6688.5,1,0.044897959183673564,0.5013274095403039,False,False,,,,None
335,2025-03-04,6075.0,6075.0,6425.0,5875.0,6400.0,23552800,BREN.JK,-0.05078125,6685.0,6551.3,1,-0.05078125,0.4758693770245853,False,False,,,,None
336,2025-03-05,6100.0,6100.0,6250.0,6100.0,6125.0,9871600,BREN.JK,0.004115226337448652,6547.5,6416.55,1,0.004115226337448652,0.47782768721810215,False,False,,,,None
337,2025-03-06,6325.0,6325.0,6375.0,6175.0,6200.0,10928500,BREN.JK,0.03688524590163933,6425.0,6296.5,1,0.03688524590163933,0.4954524789597535,False,False,,,,None
338,2025-03-07,6475.0,6475.0,6825.0,6225.0,6400.0,22735800,BREN.JK,0.02371541501976293,6397.5,6269.55,0,0.02371541501976293,0.5072023401208544,False,True,,,,None
339,2025-03-10,6225.0,6225.0,6600.0,6225.0,6500.0,9591300,BREN.JK,-0.038610038610038644,6376.25,6248.724999999999,1,-0.0,0.5072023401208544,True,False,-0.046850015352528696,2025-04-14,5650.0,Loss
340,2025-03-11,6150.0,6150.0,6225.0,6050.0,6050.0,8972200,BREN.JK,-0.012048192771084376,6382.5,6254.849999999999,1,-0.012048192771084376,0.5010914685531332,False,False,,,,None
341,2025-03-12,6150.0,6150.0,6250.0,6100.0,6175.0,5643400,BREN.JK,0.0,6376.25,6248.724999999999,1,0.0,0.5010914685531332,False,False,,,,None
342,2025-03-13,6075.0,6075.0,6200.0,6025.0,6200.0,5912700,BREN.JK,-0.012195121951219523,6373.75,6246.275,1,-0.012195121951219523,0.4949805969854121,False,False,,,,None
343,2025-03-14,6025.0,6025.0,6150.0,6000.0,6150.0,6515500,BREN.JK,-0.008230452674897082,6367.5,6240.15,1,-0.008230452674897082,0.4909066826069313,False,False,,,,None
344,2025-03-17,5725.0,5725.0,6100.0,5700.0,6050.0,13714900,BREN.JK,-0.049792531120331995,6302.5,6176.45,1,-0.049792531120331995,0.46646319633604677,False,False,,,,None
345,2025-03-18,5050.0,5050.0,5825.0,4580.0,5775.0,49691200,BREN.JK,-0.11790393013100442,6213.75,6089.474999999999,1,-0.11790393013100442,0.4114653522265565,False,False,,,,None
346,2025-03-19,5300.0,5300.0,5400.0,4940.0,5125.0,21392000,BREN.JK,0.04950495049504955,6142.5,6019.65,1,0.04950495049504955,0.4318349241189603,False,False,,,,None
347,2025-03-20,5600.0,5600.0,5800.0,5325.0,5350.0,23914000,BREN.JK,0.05660377358490565,6087.5,5965.75,1,0.05660377358490565,0.45627841038984485,False,False,,,,None
348,2025-03-21,5975.0,5975.0,6350.0,5400.0,5675.0,44922600,BREN.JK,0.06696428571428581,6041.25,5920.425,1,0.06696428571428581,0.48683276822845056,False,False,,,,None
349,2025-03-24,5450.0,5450.0,6100.0,5100.0,6000.0,25866200,BREN.JK,-0.08786610878661083,5998.75,5878.775,1,-0.08786610878661083,0.4440566672544026,False,False,,,,None
350,2025-03-25,5125.0,5125.0,5625.0,5125.0,5525.0,15840600,BREN.JK,-0.059633027522935755,5948.75,5829.775,1,-0.059633027522935755,0.4175762237942777,False,False,,,,None
351,2025-03-26,5450.0,5450.0,5575.0,5125.0,5150.0,15462000,BREN.JK,0.06341463414634152,5900.0,5782.0,1,0.06341463414634152,0.4440566672544027,False,False,,,,None
352,2025-03-27,5500.0,5500.0,5675.0,5350.0,5500.0,10002700,BREN.JK,0.00917431192660545,5865.0,5747.7,1,0.00917431192660545,0.44813058163288344,False,False,,,,None
353,2025-04-08,4740.0,4740.0,4980.0,4690.0,4790.0,23613500,BREN.JK,-0.13818181818181818,5795.75,5679.835,1,-0.13818181818181818,0.3862070830799759,False,False,,,,None
354,2025-04-09,4250.0,4250.0,4820.0,4170.0,4700.0,24074500,BREN.JK,-0.1033755274261603,5688.25,5574.485,1,-0.1033755274261603,0.3462827221708645,False,False,,,,None
355,2025-04-10,5000.0,5000.0,5175.0,4620.0,4700.0,32828300,BREN.JK,0.17647058823529416,5634.5,5521.8099999999995,1,0.17647058823529416,0.40739143784807585,False,False,,,,None
356,2025-04-11,5150.0,5150.0,5450.0,4890.0,5000.0,19504500,BREN.JK,0.030000000000000027,5587.0,5475.26,1,0.030000000000000027,0.41961318098351813,False,False,,,,None
357,2025-04-14,5650.0,5650.0,5675.0,4760.0,4800.0,33865700,BREN.JK,0.09708737864077666,5553.25,5442.1849999999995,0,0.09708737864077666,0.4603523247683257,False,True,,,,None
358,2025-04-15,5900.0,5900.0,6050.0,5575.0,5750.0,27318000,BREN.JK,0.04424778761061954,5524.5,5414.01,0,0.0,0.4603523247683257,False,False,,,,None
359,2025-04-16,5600.0,5600.0,6050.0,5600.0,5975.0,20798300,BREN.JK,-0.05084745762711862,5493.25,5383.385,0,-0.0,0.4603523247683257,False,False,,,,None
360,2025-04-17,5600.0,5600.0,5725.0,5525.0,5600.0,8101700,BREN.JK,0.0,5465.75,5356.4349999999995,0,0.0,0.4603523247683257,False,False,,,,None
361,2025-04-21,5600.0,5600.0,5800.0,5525.0,5625.0,6984400,BREN.JK,0.0,5438.25,5329.485,0,0.0,0.4603523247683257,False,False,,,,None
362,2025-04-22,6000.0,6000.0,6025.0,5475.0,5600.0,21718600,BREN.JK,0.0714285714285714,5434.5,5325.8099999999995,0,0.0,0.4603523247683257,False,False,,,,None
363,2025-04-23,6100.0,6100.0,6375.0,6050.0,6200.0,20022000,BREN.JK,0.016666666666666607,5438.25,5329.485,0,0.0,0.4603523247683257,False,False,,,,None
364,2025-04-24,6000.0,6000.0,6175.0,5850.0,6100.0,55496500,BREN.JK,-0.016393442622950838,5452.0,5342.96,0,-0.0,0.4603523247683257,False,False,,,,None
365,2025-04-25,6000.0,6000.0,6050.0,5925.0,6050.0,9172000,BREN.JK,0.0,5499.5,5389.51,0,0.0,0.4603523247683257,False,False,,,,None
366,2025-04-28,6050.0,6050.0,6250.0,5900.0,6050.0,26241400,BREN.JK,0.008333333333333304,5537.0,5426.26,0,0.0,0.4603523247683257,False,False,,,,None
367,2025-04-29,6025.0,6025.0,6175.0,6025.0,6100.0,8116900,BREN.JK,-0.004132231404958664,5558.25,5447.085,0,-0.0,0.4603523247683257,False,False,,,,None
368,2025-04-30,6025.0,6025.0,6125.0,5950.0,6050.0,7406500,BREN.JK,0.0,5560.75,5449.535,0,0.0,0.4603523247683257,False,False,,,,None
369,2025-05-02,6100.0,6100.0,6150.0,6025.0,6100.0,11343400,BREN.JK,0.012448132780082943,5593.25,5481.385,0,0.0,0.4603523247683257,False,False,,,,None
370,2025-05-05,6150.0,6150.0,6375.0,6125.0,6150.0,14416100,BREN.JK,0.008196721311475308,5644.5,5531.61,0,0.0,0.4603523247683257,False,False,,,,None
371,2025-05-06,6200.0,6200.0,6250.0,6100.0,6175.0,23176000,BREN.JK,0.008130081300812941,5682.0,5568.36,0,0.0,0.4603523247683257,False,False,,,,None
372,2025-05-07,6100.0,6100.0,6550.0,6100.0,6250.0,70037000,BREN.JK,-0.016129032258064502,5712.0,5597.76,0,-0.0,0.4603523247683257,False,False,,,,None
373,2025-05-08,5950.0,5950.0,6250.0,5925.0,6175.0,21520300,BREN.JK,-0.024590163934426257,5772.5,5657.05,0,-0.0,0.4603523247683257,False,False,,,,None
374,2025-05-09,6000.0,6000.0,6150.0,5900.0,6000.0,9024500,BREN.JK,0.008403361344537785,5860.0,5742.8,0,0.0,0.4603523247683257,False,False,,,,None
375,2025-05-14,6175.0,6175.0,6275.0,6075.0,6150.0,17243800,BREN.JK,0.029166666666666563,5918.75,5800.375,0,0.0,0.4603523247683257,False,False,,,,None
376,2025-05-15,6200.0,6200.0,6300.0,6175.0,6225.0,21087000,BREN.JK,0.004048582995951344,5971.25,5851.825,0,0.0,0.4603523247683257,False,False,,,,None
377,2025-05-16,6675.0,6675.0,6825.0,6150.0,6200.0,66787100,BREN.JK,0.0766129032258065,6022.5,5902.05,0,0.0,0.4603523247683257,False,False,,,,None
378,2025-05-19,6500.0,6500.0,6775.0,6500.0,6700.0,27206000,BREN.JK,-0.02621722846441943,6052.5,5931.45,0,-0.0,0.4603523247683257,False,False,,,,None
379,2025-05-20,6500.0,6500.0,6850.0,6475.0,6650.0,42947100,BREN.JK,0.0,6097.5,5975.55,0,0.0,0.4603523247683257,False,False,,,,None
380,2025-05-21,6500.0,6500.0,6550.0,6300.0,6500.0,18383400,BREN.JK,0.0,6142.5,6019.65,0,0.0,0.4603523247683257,False,False,,,,None
381,2025-05-22,6500.0,6500.0,6600.0,6450.0,6500.0,8950800,BREN.JK,0.0,6187.5,6063.75,0,0.0,0.4603523247683257,False,False,,,,None
382,2025-05-23,6650.0,6650.0,6800.0,6500.0,6550.0,18462000,BREN.JK,0.023076923076922995,6220.0,6095.599999999999,0,0.0,0.4603523247683257,False,False,,,,None
383,2025-05-26,6525.0,6525.0,6750.0,6500.0,6675.0,19338300,BREN.JK,-0.018796992481203034,6241.25,6116.425,0,-0.0,0.4603523247683257,False,False,,,,None
384,2025-05-27,6575.0,6575.0,6725.0,6500.0,6575.0,16376900,BREN.JK,0.00766283524904221,6270.0,6144.599999999999,0,0.0,0.4603523247683257,False,False,,,,None
385,2025-05-28,6500.0,6500.0,6675.0,6500.0,6625.0,10009200,BREN.JK,-0.011406844106463865,6295.0,6169.099999999999,0,-0.0,0.4603523247683257,False,False,,,,None
386,2025-06-02,6275.0,6275.0,6575.0,6250.0,6525.0,13383300,BREN.JK,-0.0346153846153846,6306.25,6180.125,0,-0.0,0.4603523247683257,False,False,,,,None
387,2025-06-03,6200.0,6200.0,6350.0,6100.0,6300.0,10494200,BREN.JK,-0.01195219123505975,6315.0,6188.7,0,-0.0,0.4603523247683257,False,False,,,,None
388,2025-06-04,6150.0,6150.0,6250.0,6150.0,6225.0,6962600,BREN.JK,-0.008064516129032251,6321.25,6194.825,1,-0.0,0.4603523247683257,True,False,0.014970807309539036,2025-06-05,6350.0,Win
389,2025-06-05,6350.0,6350.0,6550.0,6200.0,6200.0,21487100,BREN.JK,0.03252032520325199,6333.75,6207.075,0,0.03252032520325199,0.47532313207786475,False,True,,,,None
390,2025-06-10,6725.0,6725.0,6900.0,6425.0,6450.0,46468500,BREN.JK,0.059055118110236116,6362.5,6235.25,0,0.0,0.47532313207786475,False,False,,,,None
391,2025-06-11,6575.0,6575.0,6900.0,6500.0,6850.0,30497100,BREN.JK,-0.022304832713754608,6381.25,6253.625,0,-0.0,0.47532313207786475,False,False,,,,None
392,2025-06-12,6450.0,6450.0,6650.0,6425.0,6500.0,18601700,BREN.JK,-0.019011406844106515,6398.75,6270.775,0,-0.0,0.47532313207786475,False,False,,,,None
393,2025-06-13,6375.0,6375.0,6475.0,6325.0,6450.0,20286500,BREN.JK,-0.011627906976744207,6420.0,6291.599999999999,0,-0.0,0.47532313207786475,False,False,,,,None
394,2025-06-16,6325.0,6325.0,6450.0,6300.0,6400.0,13282300,BREN.JK,-0.007843137254901933,6436.25,6307.525,0,-0.0,0.47532313207786475,False,False,,,,None
395,2025-06-17,6400.0,6400.0,6500.0,6300.0,6400.0,16143200,BREN.JK,0.011857707509881354,6447.5,6318.55,0,0.0,0.47532313207786475,False,False,,,,None
396,2025-06-18,6300.0,6300.0,6400.0,6300.0,6400.0,9674300,BREN.JK,-0.015625,6452.5,6323.45,1,-0.0,0.47532313207786475,True,False,-0.01508962324056723,2025-07-10,6100.0,Loss
397,2025-06-19,6125.0,6125.0,6350.0,6025.0,6350.0,19086900,BREN.JK,-0.02777777777777779,6425.0,6296.5,1,-0.02777777777777779,0.4621197117423685,False,False,,,,None
398,2025-06-20,6050.0,6050.0,6175.0,6000.0,6125.0,18678500,BREN.JK,-0.01224489795918371,6402.5,6274.45,1,-0.01224489795918371,0.4564611030271558,False,False,,,,None
399,2025-06-23,5800.0,5800.0,5925.0,5650.0,5850.0,14815400,BREN.JK,-0.04132231404958675,6367.5,6240.15,1,-0.04132231404958675,0.43759907397644693,False,False,,,,None
400,2025-06-24,5850.0,5850.0,6050.0,5800.0,5950.0,14893700,BREN.JK,0.008620689655172376,6335.0,6208.3,1,0.008620689655172376,0.4413714797865887,False,False,,,,None
401,2025-06-25,5775.0,5775.0,5975.0,5775.0,5875.0,8470800,BREN.JK,-0.012820512820512775,6298.75,6172.775,1,-0.012820512820512775,0.435712871071376,False,False,,,,None
402,2025-06-26,5775.0,5775.0,5900.0,5750.0,5775.0,6855600,BREN.JK,0.0,6255.0,6129.9,1,0.0,0.435712871071376,False,False,,,,None
403,2025-06-30,5875.0,5875.0,5925.0,5775.0,5875.0,13487000,BREN.JK,0.017316017316017396,6222.5,6098.05,1,0.017316017316017396,0.4432576826916596,False,False,,,,None
404,2025-07-01,5900.0,5900.0,6225.0,5850.0,5900.0,22084700,BREN.JK,0.004255319148936065,6188.75,6064.974999999999,1,0.004255319148936065,0.44514388559673046,False,False,,,,None
405,2025-07-02,5825.0,5825.0,6050.0,5700.0,5925.0,15638000,BREN.JK,-0.012711864406779627,6155.0,6031.9,1,-0.012711864406779627,0.4394852768815178,False,False,,,,None
406,2025-07-03,5750.0,5750.0,5875.0,5725.0,5850.0,3185700,BREN.JK,-0.012875536480686733,6128.75,6006.175,1,-0.012875536480686733,0.4338266681663051,False,False,,,,None
407,2025-07-04,5700.0,5700.0,5825.0,5650.0,5800.0,4715800,BREN.JK,-0.008695652173912993,6103.75,5981.675,1,-0.008695652173912993,0.43005426235616334,False,False,,,,None
408,2025-07-07,5825.0,5825.0,5925.0,5700.0,5775.0,15984900,BREN.JK,0.021929824561403466,6087.5,5965.75,1,0.021929824561403466,0.4394852768815178,False,False,,,,None
409,2025-07-08,6000.0,6000.0,6050.0,5775.0,5850.0,11718100,BREN.JK,0.030042918454935563,6070.0,5948.599999999999,1,0.030042918454935563,0.452688697217014,False,False,,,,None
410,2025-07-09,5975.0,5975.0,6125.0,5925.0,6050.0,9563400,BREN.JK,-0.004166666666666652,6032.5,5911.849999999999,1,-0.004166666666666652,0.4508024943119431,False,False,,,,None
411,2025-07-10,6100.0,6100.0,6200.0,5975.0,6000.0,15585100,BREN.JK,0.02092050209205021,6008.75,5888.575,0,0.02092050209205021,0.4602335088372975,False,True,,,,None
412,2025-07-11,6100.0,6100.0,6200.0,6050.0,6150.0,12951800,BREN.JK,0.0,5991.25,5871.425,0,0.0,0.4602335088372975,False,False,,,,None
413,2025-07-14,7300.0,7300.0,7300.0,6725.0,7300.0,150102200,BREN.JK,0.19672131147540983,6037.5,5916.75,0,0.0,0.4602335088372975,False,False,,,,None
414,2025-07-15,7750.0,7750.0,8500.0,7425.0,7550.0,121620600,BREN.JK,0.06164383561643838,6108.75,5986.575,0,0.0,0.4602335088372975,False,False,,,,None
415,2025-07-16,7700.0,7700.0,7875.0,7350.0,7850.0,55971100,BREN.JK,-0.006451612903225823,6173.75,6050.275,0,-0.0,0.4602335088372975,False,False,,,,None
416,2025-07-17,7725.0,7725.0,7950.0,7550.0,7550.0,38443100,BREN.JK,0.0032467532467532756,6245.0,6120.099999999999,0,0.0,0.4602335088372975,False,False,,,,None
417,2025-07-18,8000.0,8000.0,8450.0,7725.0,7800.0,95900700,BREN.JK,0.03559870550161803,6338.75,6211.974999999999,0,0.0,0.4602335088372975,False,False,,,,None
418,2025-07-21,7900.0,7900.0,8175.0,7750.0,8125.0,45820100,BREN.JK,-0.012499999999999956,6431.25,6302.625,0,-0.0,0.4602335088372975,False,False,,,,None
419,2025-07-22,7875.0,7875.0,8375.0,7875.0,8125.0,70858500,BREN.JK,-0.0031645569620253333,6535.0,6404.3,0,-0.0,0.4602335088372975,False,False,,,,None
420,2025-07-23,7825.0,7825.0,8025.0,7550.0,7925.0,33058300,BREN.JK,-0.006349206349206327,6633.75,6501.075,0,-0.0,0.4602335088372975,False,False,,,,None
421,2025-07-24,7725.0,7725.0,7950.0,7700.0,7825.0,20312400,BREN.JK,-0.012779552715655007,6731.25,6596.625,0,-0.0,0.4602335088372975,False,False,,,,None
422,2025-07-25,7650.0,7650.0,7775.0,7500.0,7725.0,20860300,BREN.JK,-0.009708737864077666,6825.0,6688.5,0,-0.0,0.4602335088372975,False,False,,,,None
423,2025-07-28,7925.0,7925.0,7950.0,7625.0,7650.0,29391500,BREN.JK,0.03594771241830075,6927.5,6788.95,0,0.0,0.4602335088372975,False,False,,,,None
424,2025-07-29,7925.0,7925.0,8000.0,7800.0,8000.0,21903100,BREN.JK,0.0,7028.75,6888.175,0,0.0,0.4602335088372975,False,False,,,,None
425,2025-07-30,7825.0,7825.0,8100.0,7750.0,8000.0,22115500,BREN.JK,-0.012618296529968487,7128.75,6986.175,0,-0.0,0.4602335088372975,False,False,,,,None
426,2025-07-31,7825.0,7825.0,7875.0,7700.0,7825.0,10829100,BREN.JK,0.0,7232.5,7087.849999999999,0,0.0,0.4602335088372975,False,False,,,,None
427,2025-08-01,7800.0,7800.0,7925.0,7775.0,7900.0,15546700,BREN.JK,-0.0031948881789137795,7337.5,7190.75,0,-0.0,0.4602335088372975,False,False,,,,None
428,2025-08-04,7200.0,7200.0,7800.0,7150.0,7800.0,38666700,BREN.JK,-0.07692307692307687,7406.25,7258.125,1,-0.0,0.4602335088372975,True,False,0.04794099050388512,2025-08-08,7950.0,Win
429,2025-08-05,7075.0,7075.0,7300.0,6775.0,7225.0,35004600,BREN.JK,-0.01736111111111116,7460.0,7310.8,1,-0.01736111111111116,0.45224334375331665,False,False,,,,None
430,2025-08-06,7225.0,7225.0,7450.0,7075.0,7200.0,21124000,BREN.JK,0.021201413427561766,7522.5,7372.05,1,0.021201413427561766,0.46183154185409364,False,False,,,,None
431,2025-08-07,7250.0,7250.0,7375.0,7025.0,7325.0,25660000,BREN.JK,0.0034602076124568004,7580.0,7428.4,1,0.0034602076124568004,0.4634295748708898,False,False,,,,None
432,2025-08-08,7950.0,7950.0,8050.0,7375.0,7925.0,73663400,BREN.JK,0.096551724137931,7672.5,7519.05,0,0.096551724137931,0.5081744993411826,False,True,,,,None
433,2025-08-11,8750.0,8750.0,8825.0,7850.0,8050.0,84544500,BREN.JK,0.10062893081761004,7745.0,7590.099999999999,0,0.0,0.5081744993411826,False,False,,,,None
434,2025-08-12,9100.0,9100.0,9325.0,8825.0,8900.0,72575500,BREN.JK,0.040000000000000036,7812.5,7656.25,0,0.0,0.5081744993411826,False,False,,,,None
435,2025-08-13,9100.0,9100.0,9450.0,8875.0,9150.0,55874800,BREN.JK,0.0,7882.5,7724.849999999999,0,0.0,0.5081744993411826,False,False,,,,None
436,2025-08-14,9225.0,9225.0,9375.0,9150.0,9200.0,37491300,BREN.JK,0.013736263736263687,7957.5,7798.349999999999,0,0.0,0.5081744993411826,False,False,,,,None
437,2025-08-15,8750.0,8750.0,9325.0,8700.0,9275.0,39895400,BREN.JK,-0.051490514905149,7995.0,7835.099999999999,0,-0.0,0.5081744993411826,False,False,,,,None
438,2025-08-19,8575.0,8575.0,8925.0,8475.0,8750.0,30511700,BREN.JK,-0.020000000000000018,8028.75,7868.175,0,-0.0,0.5081744993411826,False,False,,,,None
439,2025-08-20,8600.0,8600.0,8750.0,8550.0,8600.0,15708700,BREN.JK,0.00291545189504383,8065.0,7903.7,0,0.0,0.5081744993411826,False,False,,,,None
440,2025-08-21,8425.0,8425.0,8600.0,8250.0,8600.0,23015500,BREN.JK,-0.02034883720930236,8095.0,7933.099999999999,0,-0.0,0.5081744993411826,False,False,,,,None
441,2025-08-22,8525.0,8525.0,8575.0,8350.0,8425.0,18611300,BREN.JK,0.011869436201780381,8135.0,7972.3,0,0.0,0.5081744993411826,False,False,,,,None
442,2025-08-25,8925.0,8925.0,9050.0,8525.0,8575.0,27637600,BREN.JK,0.04692082111436946,8198.75,8034.775,0,0.0,0.5081744993411826,False,False,,,,None
443,2025-08-26,8875.0,8875.0,9100.0,8650.0,8975.0,37895200,BREN.JK,-0.0056022408963585235,8246.25,8081.325,0,-0.0,0.5081744993411826,False,False,,,,None
444,2025-08-27,9800.0,9800.0,9850.0,8950.0,9000.0,76579700,BREN.JK,0.10422535211267614,8340.0,8173.2,0,0.0,0.5081744993411826,False,False,,,,None
445,2025-08-28,9300.0,9300.0,9850.0,9175.0,9750.0,50123200,BREN.JK,-0.05102040816326525,8413.75,8245.475,0,-0.0,0.5081744993411826,False,False,,,,None
446,2025-08-29,9025.0,9025.0,9425.0,8825.0,9000.0,51571200,BREN.JK,-0.029569892473118253,8473.75,8304.275,0,-0.0,0.5081744993411826,False,False,,,,None
447,2025-09-01,8950.0,8950.0,9125.0,8600.0,8650.0,48145300,BREN.JK,-0.008310249307479256,8531.25,8360.625,0,-0.0,0.5081744993411826,False,False,,,,None
448,2025-09-02,8825.0,8825.0,9100.0,8825.0,9050.0,27352000,BREN.JK,-0.013966480446927387,8612.5,8440.25,0,-0.0,0.5081744993411826,False,False,,,,None
449,2025-09-03,8600.0,8600.0,8925.0,8600.0,8875.0,30961700,BREN.JK,-0.025495750708215303,8688.75,8514.975,0,-0.0,0.5081744993411826,False,False,,,,None
450,2025-09-04,8625.0,8625.0,8725.0,8525.0,8600.0,15343800,BREN.JK,0.0029069767441860517,8758.75,8583.575,0,0.0,0.5081744993411826,False,False,,,,None
451,2025-09-08,8575.0,8575.0,8950.0,8550.0,8675.0,31595900,BREN.JK,-0.005797101449275366,8825.0,8648.5,1,-0.0,0.5081744993411826,True,False,0.017778699685405797,2025-09-15,8875.0,Win
452,2025-09-09,8325.0,8325.0,8725.0,8250.0,8600.0,24691700,BREN.JK,-0.029154518950437303,8843.75,8666.875,1,-0.029154518950437303,0.49335891627001116,False,False,,,,None
453,2025-09-10,8550.0,8550.0,8650.0,8350.0,8525.0,19395400,BREN.JK,0.027027027027026973,8833.75,8657.075,1,0.027027027027026973,0.5066929410340655,False,False,,,,None
454,2025-09-11,8550.0,8550.0,8650.0,8400.0,8600.0,15391700,BREN.JK,0.0,8806.25,8630.125,1,0.0,0.5066929410340655,False,False,,,,None
455,2025-09-12,8650.0,8650.0,8850.0,8600.0,8700.0,16236100,BREN.JK,0.011695906432748648,8783.75,8608.075,1,0.011695906432748648,0.5126191742625341,False,False,,,,None
456,2025-09-15,8875.0,8875.0,8950.0,8650.0,8650.0,19471400,BREN.JK,0.026011560693641522,8766.25,8590.925,0,0.026011560693641522,0.5259531990265884,False,True,,,,None
457,2025-09-16,8875.0,8875.0,9050.0,8775.0,9000.0,11936400,BREN.JK,0.0,8772.5,8597.05,0,0.0,0.5259531990265884,False,False,,,,None
458,2025-09-17,8925.0,8925.0,9200.0,8775.0,8875.0,25326200,BREN.JK,0.005633802816901401,8790.0,8614.2,0,0.0,0.5259531990265884,False,False,,,,None
459,2025-09-18,9075.0,9075.0,9200.0,8900.0,8950.0,42983000,BREN.JK,0.01680672268907557,8813.75,8637.475,0,0.0,0.5259531990265884,False,False,,,,None
460,2025-09-19,9050.0,9050.0,9125.0,8800.0,9125.0,38933800,BREN.JK,-0.0027548209366391463,8845.0,8668.1,0,-0.0,0.5259531990265884,False,False,,,,None
461,2025-09-22,8925.0,8925.0,9050.0,8775.0,9050.0,30798500,BREN.JK,-0.013812154696132617,8865.0,8687.7,0,-0.0,0.5259531990265884,False,False,,,,None
462,2025-09-23,9025.0,9025.0,9200.0,8900.0,8925.0,29343200,BREN.JK,0.011204481792717047,8870.0,8692.6,0,0.0,0.5259531990265884,False,False,,,,None
463,2025-09-24,8875.0,8875.0,9400.0,8875.0,9150.0,57939000,BREN.JK,-0.0166204986149584,8870.0,8692.6,0,-0.0,0.5259531990265884,False,False,,,,None
464,2025-09-25,8800.0,8800.0,9100.0,8525.0,8850.0,33165700,BREN.JK,-0.008450704225352101,8820.0,8643.6,0,-0.0,0.5259531990265884,False,False,,,,None
465,2025-09-26,9025.0,9025.0,9300.0,8925.0,9000.0,35396100,BREN.JK,0.02556818181818188,8806.25,8630.125,0,0.0,0.5259531990265884,False,False,,,,None
